"No.","Time","Source","Destination","Protocol","Length","Info"
"1","0.000000","223.251.186.236","235.127.67.235","UDP","542","44594  >  80 Len=500"
"2","0.000391","223.251.186.236","235.127.67.235","UDP","542","44595  >  80 Len=500"
"3","0.000782","223.251.186.236","235.127.67.235","UDP","542","44596  >  80 Len=500"
"4","0.001181","223.251.186.236","235.127.67.235","UDP","542","44597  >  80 Len=500"
"5","0.001580","223.251.186.236","235.127.67.235","UDP","542","44598  >  80 Len=500"
"6","0.001978","223.251.186.236","235.127.67.235","UDP","542","44599  >  80 Len=500"
"7","0.002374","223.251.186.236","235.127.67.235","UDP","542","44600  >  80 Len=500"
"8","0.002770","223.251.186.236","235.127.67.235","UDP","542","44601  >  80 Len=500"
"9","0.003190","223.251.186.236","235.127.67.235","UDP","542","44602  >  80 Len=500"
"10","0.003587","223.251.186.236","235.127.67.235","UDP","542","44603  >  80 Len=500"
"11","0.003983","223.251.186.236","235.127.67.235","UDP","542","44604  >  80 Len=500"
"12","0.004379","223.251.186.236","235.127.67.235","UDP","542","44605  >  80 Len=500"
"13","0.004776","223.251.186.236","235.127.67.235","UDP","542","44606  >  80 Len=500"
"14","0.005172","223.251.186.236","235.127.67.235","UDP","542","44607  >  80 Len=500"
"15","0.005569","223.251.186.236","235.127.67.235","UDP","542","44608  >  80 Len=500"
"16","0.005965","223.251.186.236","235.127.67.235","UDP","542","44609  >  80 Len=500"
"17","0.006357","223.251.186.236","235.127.67.235","UDP","542","44610  >  80 Len=500"
"18","0.006748","223.251.186.236","235.127.67.235","UDP","542","44611  >  80 Len=500"
"19","0.007141","223.251.186.236","235.127.67.235","UDP","542","44612  >  80 Len=500"
"20","0.007535","223.251.186.236","235.127.67.235","UDP","542","44613  >  80 Len=500"
"21","0.007928","223.251.186.236","235.127.67.235","UDP","542","44614  >  80 Len=500"
"22","0.008324","223.251.186.236","235.127.67.235","UDP","542","44615  >  80 Len=500"
"23","0.008719","223.251.186.236","235.127.67.235","UDP","542","44616  >  80 Len=500"
"24","0.009112","223.251.186.236","235.127.67.235","UDP","542","44617  >  80 Len=500"
"25","0.009504","223.251.186.236","235.127.67.235","UDP","542","44618  >  80 Len=500"
"26","0.009896","223.251.186.236","235.127.67.235","UDP","542","44619  >  80 Len=500"
"27","0.010288","223.251.186.236","235.127.67.235","UDP","542","44620  >  80 Len=500"
"28","0.010680","223.251.186.236","235.127.67.235","UDP","542","44621  >  80 Len=500"
"29","0.011074","223.251.186.236","235.127.67.235","UDP","542","44622  >  80 Len=500"
"30","0.011469","223.251.186.236","235.127.67.235","UDP","542","44623  >  80 Len=500"
"31","0.011887","223.251.186.236","235.127.67.235","UDP","542","44624  >  80 Len=500"
"32","0.012281","223.251.186.236","235.127.67.235","UDP","542","44625  >  80 Len=500"
"33","0.012673","223.251.186.236","235.127.67.235","UDP","542","44626  >  80 Len=500"
"34","0.013064","223.251.186.236","235.127.67.235","UDP","542","44627  >  80 Len=500"
"35","0.013455","223.251.186.236","235.127.67.235","UDP","542","44628  >  80 Len=500"
"36","0.013846","223.251.186.236","235.127.67.235","UDP","542","44629  >  80 Len=500"
"37","0.014237","223.251.186.236","235.127.67.235","UDP","542","44630  >  80 Len=500"
"38","0.014630","223.251.186.236","235.127.67.235","UDP","542","44631  >  80 Len=500"
"39","0.015027","223.251.186.236","235.127.67.235","UDP","542","44632  >  80 Len=500"
"40","0.015420","223.251.186.236","235.127.67.235","UDP","542","44633  >  80 Len=500"
"41","0.015810","223.251.186.236","235.127.67.235","UDP","542","44634  >  80 Len=500"
"42","0.016200","223.251.186.236","235.127.67.235","UDP","542","44635  >  80 Len=500"
"43","0.016592","223.251.186.236","235.127.67.235","UDP","542","44636  >  80 Len=500"
"44","0.016984","223.251.186.236","235.127.67.235","UDP","542","44637  >  80 Len=500"
"45","0.017377","223.251.186.236","235.127.67.235","UDP","542","44638  >  80 Len=500"
"46","0.017771","223.251.186.236","235.127.67.235","UDP","542","44639  >  80 Len=500"
"47","0.018162","223.251.186.236","235.127.67.235","UDP","542","44640  >  80 Len=500"
"48","0.018553","223.251.186.236","235.127.67.235","UDP","542","44641  >  80 Len=500"
"49","0.018946","223.251.186.236","235.127.67.235","UDP","542","44642  >  80 Len=500"
"50","0.019339","223.251.186.236","235.127.67.235","UDP","542","44643  >  80 Len=500"
"51","0.019730","223.251.186.236","235.127.67.235","UDP","542","44644  >  80 Len=500"
"52","0.020122","223.251.186.236","235.127.67.235","UDP","542","44645  >  80 Len=500"
"53","0.020516","223.251.186.236","235.127.67.235","UDP","542","44646  >  80 Len=500"
"54","0.020916","223.251.186.236","235.127.67.235","UDP","542","44647  >  80 Len=500"
"55","0.021310","223.251.186.236","235.127.67.235","UDP","542","44648  >  80 Len=500"
"56","0.021703","223.251.186.236","235.127.67.235","UDP","542","44649  >  80 Len=500"
"57","0.022095","223.251.186.236","235.127.67.235","UDP","542","44650  >  80 Len=500"
"58","0.022492","223.251.186.236","235.127.67.235","UDP","542","44651  >  80 Len=500"
"59","0.022887","223.251.186.236","235.127.67.235","UDP","542","44652  >  80 Len=500"
"60","0.023282","223.251.186.236","235.127.67.235","UDP","542","44653  >  80 Len=500"
"61","0.023684","223.251.186.236","235.127.67.235","UDP","542","44654  >  80 Len=500"
"62","0.024085","223.251.186.236","235.127.67.235","UDP","542","44655  >  80 Len=500"
"63","0.024486","223.251.186.236","235.127.67.235","UDP","542","44656  >  80 Len=500"
"64","0.024887","223.251.186.236","235.127.67.235","UDP","542","44657  >  80 Len=500"
"65","0.025287","223.251.186.236","235.127.67.235","UDP","542","44658  >  80 Len=500"
"66","0.025704","223.251.186.236","235.127.67.235","UDP","542","44659  >  80 Len=500"
"67","0.026105","223.251.186.236","235.127.67.235","UDP","542","44660  >  80 Len=500"
"68","0.026508","223.251.186.236","235.127.67.235","UDP","542","44661  >  80 Len=500"
"69","0.026910","223.251.186.236","235.127.67.235","UDP","542","44662  >  80 Len=500"
"70","0.027311","223.251.186.236","235.127.67.235","UDP","542","44663  >  80 Len=500"
"71","0.027711","223.251.186.236","235.127.67.235","UDP","542","44664  >  80 Len=500"
"72","0.028110","223.251.186.236","235.127.67.235","UDP","542","44665  >  80 Len=500"
"73","0.028525","223.251.186.236","235.127.67.235","UDP","542","44666  >  80 Len=500"
"74","0.028926","223.251.186.236","235.127.67.235","UDP","542","44667  >  80 Len=500"
"75","0.029328","223.251.186.236","235.127.67.235","UDP","542","44668  >  80 Len=500"
"76","0.029730","223.251.186.236","235.127.67.235","UDP","542","44669  >  80 Len=500"
"77","0.030131","223.251.186.236","235.127.67.235","UDP","542","44670  >  80 Len=500"
"78","0.030530","223.251.186.236","235.127.67.235","UDP","542","44671  >  80 Len=500"
"79","0.030932","223.251.186.236","235.127.67.235","UDP","542","44672  >  80 Len=500"
"80","0.031348","223.251.186.236","235.127.67.235","UDP","542","44673  >  80 Len=500"
"81","0.031747","223.251.186.236","235.127.67.235","UDP","542","44674  >  80 Len=500"
"82","0.032149","223.251.186.236","235.127.67.235","UDP","542","44675  >  80 Len=500"
"83","0.032551","223.251.186.236","235.127.67.235","UDP","542","44676  >  80 Len=500"
"84","0.032952","223.251.186.236","235.127.67.235","UDP","542","44677  >  80 Len=500"
"85","0.033352","223.251.186.236","235.127.67.235","UDP","542","44678  >  80 Len=500"
"86","0.033753","223.251.186.236","235.127.67.235","UDP","542","44679  >  80 Len=500"
"87","0.034168","223.251.186.236","235.127.67.235","UDP","542","44680  >  80 Len=500"
"88","0.034569","223.251.186.236","235.127.67.235","UDP","542","44681  >  80 Len=500"
"89","0.034970","223.251.186.236","235.127.67.235","UDP","542","44682  >  80 Len=500"
"90","0.035374","223.251.186.236","235.127.67.235","UDP","542","44683  >  80 Len=500"
"91","0.035775","223.251.186.236","235.127.67.235","UDP","542","44684  >  80 Len=500"
"92","0.036174","223.251.186.236","235.127.67.235","UDP","542","44685  >  80 Len=500"
"93","0.036575","223.251.186.236","235.127.67.235","UDP","542","44686  >  80 Len=500"
"94","0.036991","223.251.186.236","235.127.67.235","UDP","542","44687  >  80 Len=500"
"95","0.037391","223.251.186.236","235.127.67.235","UDP","542","44688  >  80 Len=500"
"96","0.037792","223.251.186.236","235.127.67.235","UDP","542","44689  >  80 Len=500"
"97","0.038193","223.251.186.236","235.127.67.235","UDP","542","44690  >  80 Len=500"
"98","0.038594","223.251.186.236","235.127.67.235","UDP","542","44691  >  80 Len=500"
"99","0.038995","223.251.186.236","235.127.67.235","UDP","542","44692  >  80 Len=500"
"100","0.039407","223.251.186.236","235.127.67.235","UDP","542","44693  >  80 Len=500"
"101","0.039808","223.251.186.236","235.127.67.235","UDP","542","44694  >  80 Len=500"
"102","0.040225","223.251.186.236","235.127.67.235","UDP","542","44695  >  80 Len=500"
"103","0.040627","223.251.186.236","235.127.67.235","UDP","542","44696  >  80 Len=500"
"104","0.041030","223.251.186.236","235.127.67.235","UDP","542","44697  >  80 Len=500"
"105","0.041432","223.251.186.236","235.127.67.235","UDP","542","44698  >  80 Len=500"
"106","0.041833","223.251.186.236","235.127.67.235","UDP","542","44699  >  80 Len=500"
"107","0.042234","223.251.186.236","235.127.67.235","UDP","542","44700  >  80 Len=500"
"108","0.042634","223.251.186.236","235.127.67.235","UDP","542","44701  >  80 Len=500"
"109","0.043049","223.251.186.236","235.127.67.235","UDP","542","44702  >  80 Len=500"
"110","0.043452","223.251.186.236","235.127.67.235","UDP","542","44703  >  80 Len=500"
"111","0.043852","223.251.186.236","235.127.67.235","UDP","542","44704  >  80 Len=500"
"112","0.044290","223.251.186.236","235.127.67.235","UDP","542","44705  >  80 Len=500"
"113","0.044692","223.251.186.236","235.127.67.235","UDP","542","44706  >  80 Len=500"
"114","0.045092","223.251.186.236","235.127.67.235","UDP","542","44707  >  80 Len=500"
"115","0.045493","223.251.186.236","235.127.67.235","UDP","542","44708  >  80 Len=500"
"116","0.045907","223.251.186.236","235.127.67.235","UDP","542","44709  >  80 Len=500"
"117","0.046307","223.251.186.236","235.127.67.235","UDP","542","44710  >  80 Len=500"
"118","0.046707","223.251.186.236","235.127.67.235","UDP","542","44711  >  80 Len=500"
"119","0.047110","223.251.186.236","235.127.67.235","UDP","542","44712  >  80 Len=500"
"120","0.047513","223.251.186.236","235.127.67.235","UDP","542","44713  >  80 Len=500"
"121","0.047914","223.251.186.236","235.127.67.235","UDP","542","44714  >  80 Len=500"
"122","0.048315","223.251.186.236","235.127.67.235","UDP","542","44715  >  80 Len=500"
"123","0.048732","223.251.186.236","235.127.67.235","UDP","542","44716  >  80 Len=500"
"124","0.049133","223.251.186.236","235.127.67.235","UDP","542","44717  >  80 Len=500"
"125","0.049535","223.251.186.236","235.127.67.235","UDP","542","44718  >  80 Len=500"
"126","0.049938","223.251.186.236","235.127.67.235","UDP","542","44719  >  80 Len=500"
"127","0.050339","223.251.186.236","235.127.67.235","UDP","542","44720  >  80 Len=500"
"128","0.050739","223.251.186.236","235.127.67.235","UDP","542","44721  >  80 Len=500"
"129","0.051140","223.251.186.236","235.127.67.235","UDP","542","44722  >  80 Len=500"
"130","0.051553","223.251.186.236","235.127.67.235","UDP","542","44723  >  80 Len=500"
"131","0.051953","223.251.186.236","235.127.67.235","UDP","542","44724  >  80 Len=500"
"132","0.052353","223.251.186.236","235.127.67.235","UDP","542","44725  >  80 Len=500"
"133","0.052753","223.251.186.236","235.127.67.235","UDP","542","44726  >  80 Len=500"
"134","0.053155","223.251.186.236","235.127.67.235","UDP","542","44727  >  80 Len=500"
"135","0.053557","223.251.186.236","235.127.67.235","UDP","542","44728  >  80 Len=500"
"136","0.053957","223.251.186.236","235.127.67.235","UDP","542","44729  >  80 Len=500"
"137","0.054387","223.251.186.236","235.127.67.235","UDP","542","44730  >  80 Len=500"
"138","0.054817","223.251.186.236","235.127.67.235","UDP","542","44731  >  80 Len=500"
"139","0.055221","223.251.186.236","235.127.67.235","UDP","542","44732  >  80 Len=500"
"140","0.055620","223.251.186.236","235.127.67.235","UDP","542","44733  >  80 Len=500"
"141","0.056022","223.251.186.236","235.127.67.235","UDP","542","44734  >  80 Len=500"
"142","0.056429","223.251.186.236","235.127.67.235","UDP","542","44735  >  80 Len=500"
"143","0.056833","223.251.186.236","235.127.67.235","UDP","542","44736  >  80 Len=500"
"144","0.057249","223.251.186.236","235.127.67.235","UDP","542","44737  >  80 Len=500"
"145","0.057651","223.251.186.236","235.127.67.235","UDP","542","44738  >  80 Len=500"
"146","0.058052","223.251.186.236","235.127.67.235","UDP","542","44739  >  80 Len=500"
"147","0.058452","223.251.186.236","235.127.67.235","UDP","542","44740  >  80 Len=500"
"148","0.058854","223.251.186.236","235.127.67.235","UDP","542","44741  >  80 Len=500"
"149","0.059257","223.251.186.236","235.127.67.235","UDP","542","44742  >  80 Len=500"
"150","0.059657","223.251.186.236","235.127.67.235","UDP","542","44743  >  80 Len=500"
"151","0.060072","223.251.186.236","235.127.67.235","UDP","542","44744  >  80 Len=500"
"152","0.060473","223.251.186.236","235.127.67.235","UDP","542","44745  >  80 Len=500"
"153","0.060873","223.251.186.236","235.127.67.235","UDP","542","44746  >  80 Len=500"
"154","0.061273","223.251.186.236","235.127.67.235","UDP","542","44747  >  80 Len=500"
"155","0.061674","223.251.186.236","235.127.67.235","UDP","542","44748  >  80 Len=500"
"156","0.062075","223.251.186.236","235.127.67.235","UDP","542","44749  >  80 Len=500"
"157","0.062476","223.251.186.236","235.127.67.235","UDP","542","44750  >  80 Len=500"
"158","0.062890","223.251.186.236","235.127.67.235","UDP","542","44751  >  80 Len=500"
"159","0.063292","223.251.186.236","235.127.67.235","UDP","542","44752  >  80 Len=500"
"160","0.063691","223.251.186.236","235.127.67.235","UDP","542","44753  >  80 Len=500"
"161","0.064091","223.251.186.236","235.127.67.235","UDP","542","44754  >  80 Len=500"
"162","0.064492","223.251.186.236","235.127.67.235","UDP","542","44755  >  80 Len=500"
"163","0.064894","223.251.186.236","235.127.67.235","UDP","542","44756  >  80 Len=500"
"164","0.065295","223.251.186.236","235.127.67.235","UDP","542","44757  >  80 Len=500"
"165","0.065696","223.251.186.236","235.127.67.235","UDP","542","44758  >  80 Len=500"
"166","0.066111","223.251.186.236","235.127.67.235","UDP","542","44759  >  80 Len=500"
"167","0.066512","223.251.186.236","235.127.67.235","UDP","542","44760  >  80 Len=500"
"168","0.066913","223.251.186.236","235.127.67.235","UDP","542","44761  >  80 Len=500"
"169","0.067316","223.251.186.236","235.127.67.235","UDP","542","44762  >  80 Len=500"
"170","0.067718","223.251.186.236","235.127.67.235","UDP","542","44763  >  80 Len=500"
"171","0.068118","223.251.186.236","235.127.67.235","UDP","542","44764  >  80 Len=500"
"172","0.068519","223.251.186.236","235.127.67.235","UDP","542","44765  >  80 Len=500"
"173","0.068935","223.251.186.236","235.127.67.235","UDP","542","44766  >  80 Len=500"
"174","0.069337","223.251.186.236","235.127.67.235","UDP","542","44767  >  80 Len=500"
"175","0.069737","223.251.186.236","235.127.67.235","UDP","542","44768  >  80 Len=500"
"176","0.070138","223.251.186.236","235.127.67.235","UDP","542","44769  >  80 Len=500"
"177","0.070538","223.251.186.236","235.127.67.235","UDP","542","44770  >  80 Len=500"
"178","0.070939","223.251.186.236","235.127.67.235","UDP","542","44771  >  80 Len=500"
"179","0.071342","223.251.186.236","235.127.67.235","UDP","542","44772  >  80 Len=500"
"180","0.071755","223.251.186.236","235.127.67.235","UDP","542","44773  >  80 Len=500"
"181","0.072156","223.251.186.236","235.127.67.235","UDP","542","44774  >  80 Len=500"
"182","0.072557","223.251.186.236","235.127.67.235","UDP","542","44775  >  80 Len=500"
"183","0.072958","223.251.186.236","235.127.67.235","UDP","542","44776  >  80 Len=500"
"184","0.073358","223.251.186.236","235.127.67.235","UDP","542","44777  >  80 Len=500"
"185","0.073761","223.251.186.236","235.127.67.235","UDP","542","44778  >  80 Len=500"
"186","0.074162","223.251.186.236","235.127.67.235","UDP","542","44779  >  80 Len=500"
"187","0.074575","223.251.186.236","235.127.67.235","UDP","542","44780  >  80 Len=500"
"188","0.074975","223.251.186.236","235.127.67.235","UDP","542","44781  >  80 Len=500"
"189","0.075377","223.251.186.236","235.127.67.235","UDP","542","44782  >  80 Len=500"
"190","0.075777","223.251.186.236","235.127.67.235","UDP","542","44783  >  80 Len=500"
"191","0.076178","223.251.186.236","235.127.67.235","UDP","542","44784  >  80 Len=500"
"192","0.076582","223.251.186.236","235.127.67.235","UDP","542","44785  >  80 Len=500"
"193","0.076983","223.251.186.236","235.127.67.235","UDP","542","44786  >  80 Len=500"
"194","0.077398","223.251.186.236","235.127.67.235","UDP","542","44787  >  80 Len=500"
"195","0.077799","223.251.186.236","235.127.67.235","UDP","542","44788  >  80 Len=500"
"196","0.078198","223.251.186.236","235.127.67.235","UDP","542","44789  >  80 Len=500"
"197","0.078597","223.251.186.236","235.127.67.235","UDP","542","44790  >  80 Len=500"
"198","0.078999","223.251.186.236","235.127.67.235","UDP","542","44791  >  80 Len=500"
"199","0.079403","223.251.186.236","235.127.67.235","UDP","542","44792  >  80 Len=500"
"200","0.079808","223.251.186.236","235.127.67.235","UDP","542","44793  >  80 Len=500"
"201","0.080226","223.251.186.236","235.127.67.235","UDP","542","44794  >  80 Len=500"
"202","0.080629","223.251.186.236","235.127.67.235","UDP","542","44795  >  80 Len=500"
"203","0.081029","223.251.186.236","235.127.67.235","UDP","542","44796  >  80 Len=500"
"204","0.081431","223.251.186.236","235.127.67.235","UDP","542","44797  >  80 Len=500"
"205","0.081832","223.251.186.236","235.127.67.235","UDP","542","44798  >  80 Len=500"
"206","0.082233","223.251.186.236","235.127.67.235","UDP","542","44799  >  80 Len=500"
"207","0.082636","223.251.186.236","235.127.67.235","UDP","542","44800  >  80 Len=500"
"208","0.083052","223.251.186.236","235.127.67.235","UDP","542","44801  >  80 Len=500"
"209","0.083455","223.251.186.236","235.127.67.235","UDP","542","44802  >  80 Len=500"
"210","0.083854","223.251.186.236","235.127.67.235","UDP","542","44803  >  80 Len=500"
"211","0.084301","223.251.186.236","235.127.67.235","UDP","542","44804  >  80 Len=500"
"212","0.084704","223.251.186.236","235.127.67.235","UDP","542","44805  >  80 Len=500"
"213","0.085105","223.251.186.236","235.127.67.235","UDP","542","44806  >  80 Len=500"
"214","0.085508","223.251.186.236","235.127.67.235","UDP","542","44807  >  80 Len=500"
"215","0.085923","223.251.186.236","235.127.67.235","UDP","542","44808  >  80 Len=500"
"216","0.086325","223.251.186.236","235.127.67.235","UDP","542","44809  >  80 Len=500"
"217","0.086725","223.251.186.236","235.127.67.235","UDP","542","44810  >  80 Len=500"
"218","0.087129","223.251.186.236","235.127.67.235","UDP","542","44811  >  80 Len=500"
"219","0.087535","223.251.186.236","235.127.67.235","UDP","542","44812  >  80 Len=500"
"220","0.087942","223.251.186.236","235.127.67.235","UDP","542","44813  >  80 Len=500"
"221","0.088361","223.251.186.236","235.127.67.235","UDP","542","44814  >  80 Len=500"
"222","0.088778","223.251.186.236","235.127.67.235","UDP","542","44815  >  80 Len=500"
"223","0.089184","223.251.186.236","235.127.67.235","UDP","542","44816  >  80 Len=500"
"224","0.089586","223.251.186.236","235.127.67.235","UDP","542","44817  >  80 Len=500"
"225","0.089994","223.251.186.236","235.127.67.235","ENIP","542","Unknown Command (0x5858) (Rsp)[Malformed Packet]"
"226","0.090399","223.251.186.236","235.127.67.235","UDP","542","44819  >  80 Len=500"
"227","0.090821","223.251.186.236","235.127.67.235","UDP","542","44820  >  80 Len=500"
"228","0.091227","223.251.186.236","235.127.67.235","UDP","542","44821  >  80 Len=500"
"229","0.091656","223.251.186.236","235.127.67.235","UDP","542","44822  >  80 Len=500"
"230","0.092060","223.251.186.236","235.127.67.235","UDP","542","44823  >  80 Len=500"
"231","0.092464","223.251.186.236","235.127.67.235","UDP","542","44824  >  80 Len=500"
"232","0.092868","223.251.186.236","235.127.67.235","UDP","542","44825  >  80 Len=500"
"233","0.093272","223.251.186.236","235.127.67.235","UDP","542","44826  >  80 Len=500"
"234","0.093677","223.251.186.236","235.127.67.235","UDP","542","44827  >  80 Len=500"
"235","0.094080","223.251.186.236","235.127.67.235","UDP","542","44828  >  80 Len=500"
"236","0.094507","223.251.186.236","235.127.67.235","UDP","542","44829  >  80 Len=500"
"237","0.094945","223.251.186.236","235.127.67.235","UDP","542","44830  >  80 Len=500"
"238","0.095351","223.251.186.236","235.127.67.235","UDP","542","44831  >  80 Len=500"
"239","0.095754","223.251.186.236","235.127.67.235","UDP","542","44832  >  80 Len=500"
"240","0.096157","223.251.186.236","235.127.67.235","UDP","542","44833  >  80 Len=500"
"241","0.096563","223.251.186.236","235.127.67.235","UDP","542","44834  >  80 Len=500"
"242","0.096968","223.251.186.236","235.127.67.235","UDP","542","44835  >  80 Len=500"
"243","0.097397","223.251.186.236","235.127.67.235","UDP","542","44836  >  80 Len=500"
"244","0.097803","223.251.186.236","235.127.67.235","UDP","542","44837  >  80 Len=500"
"245","0.098206","223.251.186.236","235.127.67.235","UDP","542","44838  >  80 Len=500"
"246","0.098610","223.251.186.236","235.127.67.235","UDP","542","44839  >  80 Len=500"
"247","0.099015","223.251.186.236","235.127.67.235","UDP","542","44840  >  80 Len=500"
"248","0.099420","223.251.186.236","235.127.67.235","UDP","542","44841  >  80 Len=500"
"249","0.099822","223.251.186.236","235.127.67.235","UDP","542","44842  >  80 Len=500"
"250","0.100300","223.251.186.236","235.127.67.235","UDP","542","44843  >  80 Len=500"
"251","0.100704","223.251.186.236","235.127.67.235","UDP","542","44844  >  80 Len=500"
"252","0.101109","223.251.186.236","235.127.67.235","UDP","542","44845  >  80 Len=500"
"253","0.101512","223.251.186.236","235.127.67.235","UDP","542","44846  >  80 Len=500"
"254","0.101916","223.251.186.236","235.127.67.235","UDP","542","44847  >  80 Len=500"
"255","0.102318","223.251.186.236","235.127.67.235","UDP","542","44848  >  80 Len=500"
"256","0.102720","223.251.186.236","235.127.67.235","UDP","542","44849  >  80 Len=500"
"257","0.103139","223.251.186.236","235.127.67.235","UDP","542","44850  >  80 Len=500"
"258","0.103555","223.251.186.236","235.127.67.235","UDP","542","44851  >  80 Len=500"
"259","0.103959","223.251.186.236","235.127.67.235","UDP","542","44852  >  80 Len=500"
"260","0.104363","223.251.186.236","235.127.67.235","UDP","542","44853  >  80 Len=500"
"261","0.104765","223.251.186.236","235.127.67.235","UDP","542","44854  >  80 Len=500"
"262","0.105169","223.251.186.236","235.127.67.235","UDP","542","44855  >  80 Len=500"
"263","0.105572","223.251.186.236","235.127.67.235","UDP","542","44856  >  80 Len=500"
"264","0.105989","223.251.186.236","235.127.67.235","UDP","542","44857  >  80 Len=500"
"265","0.106405","223.251.186.236","235.127.67.235","UDP","542","44858  >  80 Len=500"
"266","0.106829","223.251.186.236","235.127.67.235","UDP","542","44859  >  80 Len=500"
"267","0.107234","223.251.186.236","235.127.67.235","UDP","542","44860  >  80 Len=500"
"268","0.107637","223.251.186.236","235.127.67.235","UDP","542","44861  >  80 Len=500"
"269","0.108041","223.251.186.236","235.127.67.235","UDP","542","44862  >  80 Len=500"
"270","0.108444","223.251.186.236","235.127.67.235","UDP","542","44863  >  80 Len=500"
"271","0.108863","223.251.186.236","235.127.67.235","UDP","542","44864  >  80 Len=500"
"272","0.109279","223.251.186.236","235.127.67.235","UDP","542","44865  >  80 Len=500"
"273","0.109683","223.251.186.236","235.127.67.235","UDP","542","44866  >  80 Len=500"
"274","0.110087","223.251.186.236","235.127.67.235","UDP","542","44867  >  80 Len=500"
"275","0.110490","223.251.186.236","235.127.67.235","UDP","542","44868  >  80 Len=500"
"276","0.110893","223.251.186.236","235.127.67.235","UDP","542","44869  >  80 Len=500"
"277","0.111298","223.251.186.236","235.127.67.235","UDP","542","44870  >  80 Len=500"
"278","0.111700","223.251.186.236","235.127.67.235","UDP","542","44871  >  80 Len=500"
"279","0.112116","223.251.186.236","235.127.67.235","UDP","542","44872  >  80 Len=500"
"280","0.112532","223.251.186.236","235.127.67.235","UDP","542","44873  >  80 Len=500"
"281","0.112936","223.251.186.236","235.127.67.235","UDP","542","44874  >  80 Len=500"
"282","0.113339","223.251.186.236","235.127.67.235","UDP","542","44875  >  80 Len=500"
"283","0.113742","223.251.186.236","235.127.67.235","UDP","542","44876  >  80 Len=500"
"284","0.114144","223.251.186.236","235.127.67.235","UDP","542","44877  >  80 Len=500"
"285","0.114547","223.251.186.236","235.127.67.235","UDP","542","44878  >  80 Len=500"
"286","0.114964","223.251.186.236","235.127.67.235","UDP","542","44879  >  80 Len=500"
"287","0.115381","223.251.186.236","235.127.67.235","UDP","542","44880  >  80 Len=500"
"288","0.115785","223.251.186.236","235.127.67.235","UDP","542","44881  >  80 Len=500"
"289","0.116187","223.251.186.236","235.127.67.235","UDP","542","44882  >  80 Len=500"
"290","0.116592","223.251.186.236","235.127.67.235","UDP","542","44883  >  80 Len=500"
"291","0.116995","223.251.186.236","235.127.67.235","UDP","542","44884  >  80 Len=500"
"292","0.117399","223.251.186.236","235.127.67.235","UDP","542","44885  >  80 Len=500"
"293","0.117817","223.251.186.236","235.127.67.235","UDP","542","44886  >  80 Len=500"
"294","0.118234","223.251.186.236","235.127.67.235","UDP","542","44887  >  80 Len=500"
"295","0.118637","223.251.186.236","235.127.67.235","UDP","542","44888  >  80 Len=500"
"296","0.119041","223.251.186.236","235.127.67.235","UDP","542","44889  >  80 Len=500"
"297","0.119446","223.251.186.236","235.127.67.235","UDP","542","44890  >  80 Len=500"
"298","0.119848","223.251.186.236","235.127.67.235","UDP","542","44891  >  80 Len=500"
"299","0.120289","223.251.186.236","235.127.67.235","UDP","542","44892  >  80 Len=500"
"300","0.120708","223.251.186.236","235.127.67.235","UDP","542","44893  >  80 Len=500"
"301","0.121129","223.251.186.236","235.127.67.235","UDP","542","44894  >  80 Len=500"
"302","0.121554","223.251.186.236","235.127.67.235","UDP","542","44895  >  80 Len=500"
"303","0.121959","223.251.186.236","235.127.67.235","UDP","542","44896  >  80 Len=500"
"304","0.122363","223.251.186.236","235.127.67.235","UDP","542","44897  >  80 Len=500"
"305","0.122773","223.251.186.236","235.127.67.235","UDP","542","44898  >  80 Len=500"
"306","0.123201","223.251.186.236","235.127.67.235","UDP","542","44899  >  80 Len=500"
"307","0.123620","223.251.186.236","235.127.67.235","UDP","542","44900  >  80 Len=500"
"308","0.124023","223.251.186.236","235.127.67.235","UDP","542","44901  >  80 Len=500"
"309","0.124439","223.251.186.236","235.127.67.235","UDP","542","44902  >  80 Len=500"
"310","0.124844","223.251.186.236","235.127.67.235","UDP","542","44903  >  80 Len=500"
"311","0.125248","223.251.186.236","235.127.67.235","UDP","542","44904  >  80 Len=500"
"312","0.125652","223.251.186.236","235.127.67.235","UDP","542","44905  >  80 Len=500"
"313","0.126057","223.251.186.236","235.127.67.235","UDP","542","44906  >  80 Len=500"
"314","0.126474","223.251.186.236","235.127.67.235","UDP","542","44907  >  80 Len=500"
"315","0.126879","223.251.186.236","235.127.67.235","UDP","542","44908  >  80 Len=500"
"316","0.127296","223.251.186.236","235.127.67.235","UDP","542","44909  >  80 Len=500"
"317","0.127704","223.251.186.236","235.127.67.235","UDP","542","44910  >  80 Len=500"
"318","0.128109","223.251.186.236","235.127.67.235","UDP","542","44911  >  80 Len=500"
"319","0.128513","223.251.186.236","235.127.67.235","UDP","542","44912  >  80 Len=500"
"320","0.128916","223.251.186.236","235.127.67.235","UDP","542","44913  >  80 Len=500"
"321","0.129336","223.251.186.236","235.127.67.235","UDP","542","44914  >  80 Len=500"
"322","0.129741","223.251.186.236","235.127.67.235","UDP","542","44915  >  80 Len=500"
"323","0.130143","223.251.186.236","235.127.67.235","UDP","542","44916  >  80 Len=500"
"324","0.130561","223.251.186.236","235.127.67.235","UDP","542","44917  >  80 Len=500"
"325","0.130966","223.251.186.236","235.127.67.235","UDP","542","44918  >  80 Len=500"
"326","0.131372","223.251.186.236","235.127.67.235","UDP","542","44919  >  80 Len=500"
"327","0.131774","223.251.186.236","235.127.67.235","UDP","542","44920  >  80 Len=500"
"328","0.132191","223.251.186.236","235.127.67.235","UDP","542","44921  >  80 Len=500"
"329","0.132599","223.251.186.236","235.127.67.235","UDP","542","44922  >  80 Len=500"
"330","0.133005","223.251.186.236","235.127.67.235","UDP","542","44923  >  80 Len=500"
"331","0.133422","223.251.186.236","235.127.67.235","UDP","542","44924  >  80 Len=500"
"332","0.133827","223.251.186.236","235.127.67.235","UDP","542","44925  >  80 Len=500"
"333","0.134230","223.251.186.236","235.127.67.235","UDP","542","44926  >  80 Len=500"
"334","0.134633","223.251.186.236","235.127.67.235","UDP","542","44927  >  80 Len=500"
"335","0.135051","223.251.186.236","235.127.67.235","UDP","542","44928  >  80 Len=500"
"336","0.135457","223.251.186.236","235.127.67.235","UDP","542","44929  >  80 Len=500"
"337","0.135885","223.251.186.236","235.127.67.235","UDP","542","44930  >  80 Len=500"
"338","0.136304","223.251.186.236","235.127.67.235","UDP","542","44931  >  80 Len=500"
"339","0.136722","223.251.186.236","235.127.67.235","UDP","542","44932  >  80 Len=500"
"340","0.137151","223.251.186.236","235.127.67.235","UDP","542","44933  >  80 Len=500"
"341","0.137571","223.251.186.236","235.127.67.235","UDP","542","44934  >  80 Len=500"
"342","0.137983","223.251.186.236","235.127.67.235","UDP","542","44935  >  80 Len=500"
"343","0.138414","223.251.186.236","235.127.67.235","UDP","542","44936  >  80 Len=500"
"344","0.138825","223.251.186.236","235.127.67.235","UDP","542","44937  >  80 Len=500"
"345","0.139233","223.251.186.236","235.127.67.235","UDP","542","44938  >  80 Len=500"
"346","0.139658","223.251.186.236","235.127.67.235","UDP","542","44939  >  80 Len=500"
"347","0.140079","223.251.186.236","235.127.67.235","UDP","542","44940  >  80 Len=500"
"348","0.140489","223.251.186.236","235.127.67.235","UDP","542","44941  >  80 Len=500"
"349","0.140897","223.251.186.236","235.127.67.235","UDP","542","44942  >  80 Len=500"
"350","0.141319","223.251.186.236","235.127.67.235","UDP","542","44943  >  80 Len=500"
"351","0.141724","223.251.186.236","235.127.67.235","UDP","542","44944  >  80 Len=500"
"352","0.142127","223.251.186.236","235.127.67.235","UDP","542","44945  >  80 Len=500"
"353","0.142546","223.251.186.236","235.127.67.235","UDP","542","44946  >  80 Len=500"
"354","0.142958","223.251.186.236","235.127.67.235","UDP","542","44947  >  80 Len=500"
"355","0.143366","223.251.186.236","235.127.67.235","UDP","542","44948  >  80 Len=500"
"356","0.143800","223.251.186.236","235.127.67.235","UDP","542","44949  >  80 Len=500"
"357","0.144247","223.251.186.236","235.127.67.235","UDP","542","44950  >  80 Len=500"
"358","0.144674","223.251.186.236","235.127.67.235","UDP","542","44951  >  80 Len=500"
"359","0.145085","223.251.186.236","235.127.67.235","UDP","542","44952  >  80 Len=500"
"360","0.145492","223.251.186.236","235.127.67.235","UDP","542","44953  >  80 Len=500"
"361","0.145912","223.251.186.236","235.127.67.235","UDP","542","44954  >  80 Len=500"
"362","0.146317","223.251.186.236","235.127.67.235","UDP","542","44955  >  80 Len=500"
"363","0.146720","223.251.186.236","235.127.67.235","UDP","542","44956  >  80 Len=500"
"364","0.147139","223.251.186.236","235.127.67.235","UDP","542","44957  >  80 Len=500"
"365","0.147544","223.251.186.236","235.127.67.235","UDP","542","44958  >  80 Len=500"
"366","0.147949","223.251.186.236","235.127.67.235","UDP","542","44959  >  80 Len=500"
"367","0.148355","223.251.186.236","235.127.67.235","UDP","542","44960  >  80 Len=500"
"368","0.148773","223.251.186.236","235.127.67.235","UDP","542","44961  >  80 Len=500"
"369","0.149178","223.251.186.236","235.127.67.235","UDP","542","44962  >  80 Len=500"
"370","0.149581","223.251.186.236","235.127.67.235","UDP","542","44963  >  80 Len=500"
"371","0.150004","223.251.186.236","235.127.67.235","UDP","542","44964  >  80 Len=500"
"372","0.150414","223.251.186.236","235.127.67.235","UDP","542","44965  >  80 Len=500"
"373","0.150821","223.251.186.236","235.127.67.235","UDP","542","44966  >  80 Len=500"
"374","0.151234","223.251.186.236","235.127.67.235","UDP","542","44967  >  80 Len=500"
"375","0.151652","223.251.186.236","235.127.67.235","UDP","542","44968  >  80 Len=500"
"376","0.152055","223.251.186.236","235.127.67.235","UDP","542","44969  >  80 Len=500"
"377","0.152458","223.251.186.236","235.127.67.235","UDP","542","44970  >  80 Len=500"
"378","0.152876","223.251.186.236","235.127.67.235","UDP","542","44971  >  80 Len=500"
"379","0.153280","223.251.186.236","235.127.67.235","UDP","542","44972  >  80 Len=500"
"380","0.153684","223.251.186.236","235.127.67.235","UDP","542","44973  >  80 Len=500"
"381","0.154088","223.251.186.236","235.127.67.235","UDP","542","44974  >  80 Len=500"
"382","0.154491","223.251.186.236","235.127.67.235","UDP","542","44975  >  80 Len=500"
"383","0.154909","223.251.186.236","235.127.67.235","UDP","542","44976  >  80 Len=500"
"384","0.155316","223.251.186.236","235.127.67.235","UDP","542","44977  >  80 Len=500"
"385","0.155733","223.251.186.236","235.127.67.235","UDP","542","44978  >  80 Len=500"
"386","0.156137","223.251.186.236","235.127.67.235","UDP","542","44979  >  80 Len=500"
"387","0.156541","223.251.186.236","235.127.67.235","UDP","542","44980  >  80 Len=500"
"388","0.156946","223.251.186.236","235.127.67.235","UDP","542","44981  >  80 Len=500"
"389","0.157349","223.251.186.236","235.127.67.235","UDP","542","44982  >  80 Len=500"
"390","0.157766","223.251.186.236","235.127.67.235","UDP","542","44983  >  80 Len=500"
"391","0.158170","223.251.186.236","235.127.67.235","UDP","542","44984  >  80 Len=500"
"392","0.158588","223.251.186.236","235.127.67.235","UDP","542","44985  >  80 Len=500"
"393","0.158994","223.251.186.236","235.127.67.235","UDP","542","44986  >  80 Len=500"
"394","0.159399","223.251.186.236","235.127.67.235","UDP","542","44987  >  80 Len=500"
"395","0.159800","223.251.186.236","235.127.67.235","UDP","542","44988  >  80 Len=500"
"396","0.160208","223.251.186.236","235.127.67.235","UDP","542","44989  >  80 Len=500"
"397","0.160630","223.251.186.236","235.127.67.235","UDP","542","44990  >  80 Len=500"
"398","0.161037","223.251.186.236","235.127.67.235","UDP","542","44991  >  80 Len=500"
"399","0.161455","223.251.186.236","235.127.67.235","UDP","542","44992  >  80 Len=500"
"400","0.161861","223.251.186.236","235.127.67.235","UDP","542","44993  >  80 Len=500"
"401","0.162265","223.251.186.236","235.127.67.235","UDP","542","44994  >  80 Len=500"
"402","0.162667","223.251.186.236","235.127.67.235","UDP","542","44995  >  80 Len=500"
"403","0.163072","223.251.186.236","235.127.67.235","UDP","542","44996  >  80 Len=500"
"404","0.163478","223.251.186.236","235.127.67.235","UDP","542","44997  >  80 Len=500"
"405","0.163896","223.251.186.236","235.127.67.235","UDP","542","44998  >  80 Len=500"
"406","0.164301","223.251.186.236","235.127.67.235","UDP","542","44999  >  80 Len=500"
"407","0.164719","223.251.186.236","235.127.67.235","UDP","542","45000  >  80 Len=500"
"408","0.165124","223.251.186.236","235.127.67.235","UDP","542","45001  >  80 Len=500"
"409","0.165528","223.251.186.236","235.127.67.235","UDP","542","45002  >  80 Len=500"
"410","0.165931","223.251.186.236","235.127.67.235","UDP","542","45003  >  80 Len=500"
"411","0.166334","223.251.186.236","235.127.67.235","UDP","542","45004  >  80 Len=500"
"412","0.166750","223.251.186.236","235.127.67.235","UDP","542","45005  >  80 Len=500"
"413","0.167156","223.251.186.236","235.127.67.235","UDP","542","45006  >  80 Len=500"
"414","0.167575","223.251.186.236","235.127.67.235","UDP","542","45007  >  80 Len=500"
"415","0.167978","223.251.186.236","235.127.67.235","UDP","542","45008  >  80 Len=500"
"416","0.168381","223.251.186.236","235.127.67.235","UDP","542","45009  >  80 Len=500"
"417","0.168783","223.251.186.236","235.127.67.235","UDP","542","45010  >  80 Len=500"
"418","0.169186","223.251.186.236","235.127.67.235","UDP","542","45011  >  80 Len=500"
"419","0.169603","223.251.186.236","235.127.67.235","UDP","542","45012  >  80 Len=500"
"420","0.170013","223.251.186.236","235.127.67.235","UDP","542","45013  >  80 Len=500"
"421","0.170433","223.251.186.236","235.127.67.235","UDP","542","45014  >  80 Len=500"
"422","0.170851","223.251.186.236","235.127.67.235","UDP","542","45015  >  80 Len=500"
"423","0.171258","223.251.186.236","235.127.67.235","UDP","542","45016  >  80 Len=500"
"424","0.171662","223.251.186.236","235.127.67.235","UDP","542","45017  >  80 Len=500"
"425","0.172065","223.251.186.236","235.127.67.235","UDP","542","45018  >  80 Len=500"
"426","0.172475","223.251.186.236","235.127.67.235","UDP","542","45019  >  80 Len=500"
"427","0.172896","223.251.186.236","235.127.67.235","UDP","542","45020  >  80 Len=500"
"428","0.173316","223.251.186.236","235.127.67.235","UDP","542","45021  >  80 Len=500"
"429","0.173721","223.251.186.236","235.127.67.235","UDP","542","45022  >  80 Len=500"
"430","0.174124","223.251.186.236","235.127.67.235","UDP","542","45023  >  80 Len=500"
"431","0.174528","223.251.186.236","235.127.67.235","UDP","542","45024  >  80 Len=500"
"432","0.174932","223.251.186.236","235.127.67.235","UDP","542","45025  >  80 Len=500"
"433","0.175337","223.251.186.236","235.127.67.235","UDP","542","45026  >  80 Len=500"
"434","0.175752","223.251.186.236","235.127.67.235","UDP","542","45027  >  80 Len=500"
"435","0.176168","223.251.186.236","235.127.67.235","UDP","542","45028  >  80 Len=500"
"436","0.176574","223.251.186.236","235.127.67.235","UDP","542","45029  >  80 Len=500"
"437","0.176978","223.251.186.236","235.127.67.235","UDP","542","45030  >  80 Len=500"
"438","0.177382","223.251.186.236","235.127.67.235","UDP","542","45031  >  80 Len=500"
"439","0.177786","223.251.186.236","235.127.67.235","UDP","542","45032  >  80 Len=500"
"440","0.178190","223.251.186.236","235.127.67.235","UDP","542","45033  >  80 Len=500"
"441","0.178607","223.251.186.236","235.127.67.235","UDP","542","45034  >  80 Len=500"
"442","0.179026","223.251.186.236","235.127.67.235","UDP","542","45035  >  80 Len=500"
"443","0.179431","223.251.186.236","235.127.67.235","UDP","542","45036  >  80 Len=500"
"444","0.179833","223.251.186.236","235.127.67.235","UDP","542","45037  >  80 Len=500"
"445","0.180240","223.251.186.236","235.127.67.235","UDP","542","45038  >  80 Len=500"
"446","0.180648","223.251.186.236","235.127.67.235","UDP","542","45039  >  80 Len=500"
"447","0.181052","223.251.186.236","235.127.67.235","UDP","542","45040  >  80 Len=500"
"448","0.181457","223.251.186.236","235.127.67.235","UDP","542","45041  >  80 Len=500"
"449","0.181883","223.251.186.236","235.127.67.235","UDP","542","45042  >  80 Len=500"
"450","0.182287","223.251.186.236","235.127.67.235","UDP","542","45043  >  80 Len=500"
"451","0.182690","223.251.186.236","235.127.67.235","UDP","542","45044  >  80 Len=500"
"452","0.183094","223.251.186.236","235.127.67.235","UDP","542","45045  >  80 Len=500"
"453","0.183498","223.251.186.236","235.127.67.235","UDP","542","45046  >  80 Len=500"
"454","0.183904","223.251.186.236","235.127.67.235","UDP","542","45047  >  80 Len=500"
"455","0.184309","223.251.186.236","235.127.67.235","UDP","542","45048  >  80 Len=500"
"456","0.184739","223.251.186.236","235.127.67.235","UDP","542","45049  >  80 Len=500"
"457","0.185145","223.251.186.236","235.127.67.235","UDP","542","45050  >  80 Len=500"
"458","0.185549","223.251.186.236","235.127.67.235","UDP","542","45051  >  80 Len=500"
"459","0.185953","223.251.186.236","235.127.67.235","UDP","542","45052  >  80 Len=500"
"460","0.186357","223.251.186.236","235.127.67.235","UDP","542","45053  >  80 Len=500"
"461","0.186760","223.251.186.236","235.127.67.235","UDP","542","45054  >  80 Len=500"
"462","0.187203","223.251.186.236","235.127.67.235","UDP","542","45055  >  80 Len=500"
"463","0.187627","223.251.186.236","235.127.67.235","UDP","542","45056  >  80 Len=500"
"464","0.188032","223.251.186.236","235.127.67.235","UDP","542","45057  >  80 Len=500"
"465","0.188436","223.251.186.236","235.127.67.235","UDP","542","45058  >  80 Len=500"
"466","0.188840","223.251.186.236","235.127.67.235","UDP","542","45059  >  80 Len=500"
"467","0.189244","223.251.186.236","235.127.67.235","UDP","542","45060  >  80 Len=500"
"468","0.189648","223.251.186.236","235.127.67.235","UDP","542","45061  >  80 Len=500"
"469","0.190051","223.251.186.236","235.127.67.235","UDP","542","45062  >  80 Len=500"
"470","0.190459","223.251.186.236","235.127.67.235","UDP","542","45063  >  80 Len=500"
"471","0.190888","223.251.186.236","235.127.67.235","UDP","542","45064  >  80 Len=500"
"472","0.191295","223.251.186.236","235.127.67.235","UDP","542","45065  >  80 Len=500"
"473","0.191698","223.251.186.236","235.127.67.235","UDP","542","45066  >  80 Len=500"
"474","0.192101","223.251.186.236","235.127.67.235","UDP","542","45067  >  80 Len=500"
"475","0.192505","223.251.186.236","235.127.67.235","UDP","542","45068  >  80 Len=500"
"476","0.192908","223.251.186.236","235.127.67.235","UDP","542","45069  >  80 Len=500"
"477","0.193312","223.251.186.236","235.127.67.235","UDP","542","45070  >  80 Len=500"
"478","0.193738","223.251.186.236","235.127.67.235","UDP","542","45071  >  80 Len=500"
"479","0.194143","223.251.186.236","235.127.67.235","UDP","542","45072  >  80 Len=500"
"480","0.194546","223.251.186.236","235.127.67.235","UDP","542","45073  >  80 Len=500"
"481","0.194952","223.251.186.236","235.127.67.235","UDP","542","45074  >  80 Len=500"
"482","0.195375","223.251.186.236","235.127.67.235","UDP","542","45075  >  80 Len=500"
"483","0.195781","223.251.186.236","235.127.67.235","UDP","542","45076  >  80 Len=500"
"484","0.196185","223.251.186.236","235.127.67.235","UDP","542","45077  >  80 Len=500"
"485","0.196611","223.251.186.236","235.127.67.235","UDP","542","45078  >  80 Len=500"
"486","0.197016","223.251.186.236","235.127.67.235","UDP","542","45079  >  80 Len=500"
"487","0.197420","223.251.186.236","235.127.67.235","UDP","542","45080  >  80 Len=500"
"488","0.197824","223.251.186.236","235.127.67.235","UDP","542","45081  >  80 Len=500"
"489","0.198229","223.251.186.236","235.127.67.235","UDP","542","45082  >  80 Len=500"
"490","0.198633","223.251.186.236","235.127.67.235","UDP","542","45083  >  80 Len=500"
"491","0.199039","223.251.186.236","235.127.67.235","UDP","542","45084  >  80 Len=500"
"492","0.199459","223.251.186.236","235.127.67.235","UDP","542","45085  >  80 Len=500"
"493","0.199875","223.251.186.236","235.127.67.235","UDP","542","45086  >  80 Len=500"
"494","0.200285","223.251.186.236","235.127.67.235","UDP","542","45087  >  80 Len=500"
"495","0.200691","223.251.186.236","235.127.67.235","UDP","542","45088  >  80 Len=500"
"496","0.201100","223.251.186.236","235.127.67.235","UDP","542","45089  >  80 Len=500"
"497","0.201507","223.251.186.236","235.127.67.235","UDP","542","45090  >  80 Len=500"
"498","0.201911","223.251.186.236","235.127.67.235","UDP","542","45091  >  80 Len=500"
"499","0.202330","223.251.186.236","235.127.67.235","UDP","542","45092  >  80 Len=500"
"500","0.202746","223.251.186.236","235.127.67.235","UDP","542","45093  >  80 Len=500"
"501","0.203153","223.251.186.236","235.127.67.235","UDP","542","45094  >  80 Len=500"
"502","0.203558","223.251.186.236","235.127.67.235","UDP","542","45095  >  80 Len=500"
"503","0.203962","223.251.186.236","235.127.67.235","UDP","542","45096  >  80 Len=500"
"504","0.204366","223.251.186.236","235.127.67.235","UDP","542","45097  >  80 Len=500"
"505","0.204770","223.251.186.236","235.127.67.235","UDP","542","45098  >  80 Len=500"
"506","0.205190","223.251.186.236","235.127.67.235","UDP","542","45099  >  80 Len=500"
"507","0.205608","223.251.186.236","235.127.67.235","UDP","542","45100  >  80 Len=500"
"508","0.206012","223.251.186.236","235.127.67.235","UDP","542","45101  >  80 Len=500"
"509","0.206420","223.251.186.236","235.127.67.235","UDP","542","45102  >  80 Len=500"
"510","0.206828","223.251.186.236","235.127.67.235","UDP","542","45103  >  80 Len=500"
"511","0.207237","223.251.186.236","235.127.67.235","UDP","542","45104  >  80 Len=500"
"512","0.207640","223.251.186.236","235.127.67.235","UDP","542","45105  >  80 Len=500"
"513","0.208057","223.251.186.236","235.127.67.235","UDP","542","45106  >  80 Len=500"
"514","0.208462","223.251.186.236","235.127.67.235","UDP","542","45107  >  80 Len=500"
"515","0.208880","223.251.186.236","235.127.67.235","UDP","542","45108  >  80 Len=500"
"516","0.209286","223.251.186.236","235.127.67.235","UDP","542","45109  >  80 Len=500"
"517","0.209688","223.251.186.236","235.127.67.235","UDP","542","45110  >  80 Len=500"
"518","0.210097","223.251.186.236","235.127.67.235","UDP","542","45111  >  80 Len=500"
"519","0.210505","223.251.186.236","235.127.67.235","UDP","542","45112  >  80 Len=500"
"520","0.210927","223.251.186.236","235.127.67.235","UDP","542","45113  >  80 Len=500"
"521","0.211333","223.251.186.236","235.127.67.235","UDP","542","45114  >  80 Len=500"
"522","0.211747","223.251.186.236","235.127.67.235","UDP","542","45115  >  80 Len=500"
"523","0.212150","223.251.186.236","235.127.67.235","UDP","542","45116  >  80 Len=500"
"524","0.212555","223.251.186.236","235.127.67.235","UDP","542","45117  >  80 Len=500"
"525","0.212958","223.251.186.236","235.127.67.235","UDP","542","45118  >  80 Len=500"
"526","0.213362","223.251.186.236","235.127.67.235","UDP","542","45119  >  80 Len=500"
"527","0.213780","223.251.186.236","235.127.67.235","UDP","542","45120  >  80 Len=500"
"528","0.214184","223.251.186.236","235.127.67.235","UDP","542","45121  >  80 Len=500"
"529","0.214600","223.251.186.236","235.127.67.235","UDP","542","45122  >  80 Len=500"
"530","0.215012","223.251.186.236","235.127.67.235","UDP","542","45123  >  80 Len=500"
"531","0.215419","223.251.186.236","235.127.67.235","UDP","542","45124  >  80 Len=500"
"532","0.215822","223.251.186.236","235.127.67.235","UDP","542","45125  >  80 Len=500"
"533","0.216225","223.251.186.236","235.127.67.235","UDP","542","45126  >  80 Len=500"
"534","0.216628","223.251.186.236","235.127.67.235","UDP","542","45127  >  80 Len=500"
"535","0.217048","223.251.186.236","235.127.67.235","UDP","542","45128  >  80 Len=500"
"536","0.217453","223.251.186.236","235.127.67.235","UDP","542","45129  >  80 Len=500"
"537","0.217874","223.251.186.236","235.127.67.235","UDP","542","45130  >  80 Len=500"
"538","0.218281","223.251.186.236","235.127.67.235","UDP","542","45131  >  80 Len=500"
"539","0.218684","223.251.186.236","235.127.67.235","UDP","542","45132  >  80 Len=500"
"540","0.219088","223.251.186.236","235.127.67.235","UDP","542","45133  >  80 Len=500"
"541","0.219491","223.251.186.236","235.127.67.235","UDP","542","45134  >  80 Len=500"
"542","0.219911","223.251.186.236","235.127.67.235","UDP","542","45135  >  80 Len=500"
"543","0.220315","223.251.186.236","235.127.67.235","UDP","542","45136  >  80 Len=500"
"544","0.220746","223.251.186.236","235.127.67.235","UDP","542","45137  >  80 Len=500"
"545","0.221152","223.251.186.236","235.127.67.235","UDP","542","45138  >  80 Len=500"
"546","0.221557","223.251.186.236","235.127.67.235","UDP","542","45139  >  80 Len=500"
"547","0.221961","223.251.186.236","235.127.67.235","UDP","542","45140  >  80 Len=500"
"548","0.222365","223.251.186.236","235.127.67.235","UDP","542","45141  >  80 Len=500"
"549","0.222809","223.251.186.236","235.127.67.235","UDP","542","45142  >  80 Len=500"
"550","0.223216","223.251.186.236","235.127.67.235","UDP","542","45143  >  80 Len=500"
"551","0.223632","223.251.186.236","235.127.67.235","UDP","542","45144  >  80 Len=500"
"552","0.224036","223.251.186.236","235.127.67.235","UDP","542","45145  >  80 Len=500"
"553","0.224440","223.251.186.236","235.127.67.235","UDP","542","45146  >  80 Len=500"
"554","0.224851","223.251.186.236","235.127.67.235","UDP","542","45147  >  80 Len=500"
"555","0.225258","223.251.186.236","235.127.67.235","UDP","542","45148  >  80 Len=500"
"556","0.225678","223.251.186.236","235.127.67.235","UDP","542","45149  >  80 Len=500"
"557","0.226086","223.251.186.236","235.127.67.235","UDP","542","45150  >  80 Len=500"
"558","0.226490","223.251.186.236","235.127.67.235","UDP","542","45151  >  80 Len=500"
"559","0.226908","223.251.186.236","235.127.67.235","UDP","542","45152  >  80 Len=500"
"560","0.227315","223.251.186.236","235.127.67.235","UDP","542","45153  >  80 Len=500"
"561","0.227717","223.251.186.236","235.127.67.235","UDP","542","45154  >  80 Len=500"
"562","0.228121","223.251.186.236","235.127.67.235","UDP","542","45155  >  80 Len=500"
"563","0.228539","223.251.186.236","235.127.67.235","UDP","542","45156  >  80 Len=500"
"564","0.228944","223.251.186.236","235.127.67.235","UDP","542","45157  >  80 Len=500"
"565","0.229348","223.251.186.236","235.127.67.235","UDP","542","45158  >  80 Len=500"
"566","0.229768","223.251.186.236","235.127.67.235","UDP","542","45159  >  80 Len=500"
"567","0.230172","223.251.186.236","235.127.67.235","UDP","542","45160  >  80 Len=500"
"568","0.230581","223.251.186.236","235.127.67.235","UDP","542","45161  >  80 Len=500"
"569","0.230990","223.251.186.236","235.127.67.235","UDP","542","45162  >  80 Len=500"
"570","0.231410","223.251.186.236","235.127.67.235","UDP","542","45163  >  80 Len=500"
"571","0.231814","223.251.186.236","235.127.67.235","UDP","542","45164  >  80 Len=500"
"572","0.232217","223.251.186.236","235.127.67.235","UDP","542","45165  >  80 Len=500"
"573","0.232635","223.251.186.236","235.127.67.235","UDP","542","45166  >  80 Len=500"
"574","0.233039","223.251.186.236","235.127.67.235","UDP","542","45167  >  80 Len=500"
"575","0.233442","223.251.186.236","235.127.67.235","UDP","542","45168  >  80 Len=500"
"576","0.233846","223.251.186.236","235.127.67.235","UDP","542","45169  >  80 Len=500"
"577","0.234263","223.251.186.236","235.127.67.235","UDP","542","45170  >  80 Len=500"
"578","0.234673","223.251.186.236","235.127.67.235","UDP","542","45171  >  80 Len=500"
"579","0.235080","223.251.186.236","235.127.67.235","UDP","542","45172  >  80 Len=500"
"580","0.235485","223.251.186.236","235.127.67.235","UDP","542","45173  >  80 Len=500"
"581","0.235909","223.251.186.236","235.127.67.235","UDP","542","45174  >  80 Len=500"
"582","0.236317","223.251.186.236","235.127.67.235","UDP","542","45175  >  80 Len=500"
"583","0.236721","223.251.186.236","235.127.67.235","UDP","542","45176  >  80 Len=500"
"584","0.237140","223.251.186.236","235.127.67.235","UDP","542","45177  >  80 Len=500"
"585","0.237546","223.251.186.236","235.127.67.235","UDP","542","45178  >  80 Len=500"
"586","0.237951","223.251.186.236","235.127.67.235","UDP","542","45179  >  80 Len=500"
"587","0.238354","223.251.186.236","235.127.67.235","UDP","542","45180  >  80 Len=500"
"588","0.238771","223.251.186.236","235.127.67.235","UDP","542","45181  >  80 Len=500"
"589","0.239205","223.251.186.236","235.127.67.235","UDP","542","45182  >  80 Len=500"
"590","0.239608","223.251.186.236","235.127.67.235","UDP","542","45183  >  80 Len=500"
"591","0.240038","223.251.186.236","235.127.67.235","UDP","542","45184  >  80 Len=500"
"592","0.240453","223.251.186.236","235.127.67.235","UDP","542","45185  >  80 Len=500"
"593","0.240863","223.251.186.236","235.127.67.235","UDP","542","45186  >  80 Len=500"
"594","0.241270","223.251.186.236","235.127.67.235","UDP","542","45187  >  80 Len=500"
"595","0.241689","223.251.186.236","235.127.67.235","UDP","542","45188  >  80 Len=500"
"596","0.242095","223.251.186.236","235.127.67.235","UDP","542","45189  >  80 Len=500"
"597","0.242498","223.251.186.236","235.127.67.235","UDP","542","45190  >  80 Len=500"
"598","0.242903","223.251.186.236","235.127.67.235","UDP","542","45191  >  80 Len=500"
"599","0.243322","223.251.186.236","235.127.67.235","UDP","542","45192  >  80 Len=500"
"600","0.243754","223.251.186.236","235.127.67.235","UDP","542","45193  >  80 Len=500"
"601","0.244163","223.251.186.236","235.127.67.235","UDP","542","45194  >  80 Len=500"
"602","0.244569","223.251.186.236","235.127.67.235","UDP","542","45195  >  80 Len=500"
"603","0.244991","223.251.186.236","235.127.67.235","UDP","542","45196  >  80 Len=500"
"604","0.245399","223.251.186.236","235.127.67.235","UDP","542","45197  >  80 Len=500"
"605","0.245807","223.251.186.236","235.127.67.235","UDP","542","45198  >  80 Len=500"
"606","0.246229","223.251.186.236","235.127.67.235","UDP","542","45199  >  80 Len=500"
"607","0.246634","223.251.186.236","235.127.67.235","UDP","542","45200  >  80 Len=500"
"608","0.247042","223.251.186.236","235.127.67.235","UDP","542","45201  >  80 Len=500"
"609","0.247449","223.251.186.236","235.127.67.235","UDP","542","45202  >  80 Len=500"
"610","0.247888","223.251.186.236","235.127.67.235","UDP","542","45203  >  80 Len=500"
"611","0.248305","223.251.186.236","235.127.67.235","UDP","542","45204  >  80 Len=500"
"612","0.248715","223.251.186.236","235.127.67.235","UDP","542","45205  >  80 Len=500"
"613","0.249142","223.251.186.236","235.127.67.235","UDP","542","45206  >  80 Len=500"
"614","0.249549","223.251.186.236","235.127.67.235","UDP","542","45207  >  80 Len=500"
"615","0.249954","223.251.186.236","235.127.67.235","UDP","542","45208  >  80 Len=500"
"616","0.250360","223.251.186.236","235.127.67.235","UDP","542","45209  >  80 Len=500"
"617","0.250806","223.251.186.236","235.127.67.235","UDP","542","45210  >  80 Len=500"
"618","0.251218","223.251.186.236","235.127.67.235","UDP","542","45211  >  80 Len=500"
"619","0.251622","223.251.186.236","235.127.67.235","UDP","542","45212  >  80 Len=500"
"620","0.252041","223.251.186.236","235.127.67.235","UDP","542","45213  >  80 Len=500"
"621","0.252447","223.251.186.236","235.127.67.235","UDP","542","45214  >  80 Len=500"
"622","0.252851","223.251.186.236","235.127.67.235","UDP","542","45215  >  80 Len=500"
"623","0.253256","223.251.186.236","235.127.67.235","UDP","542","45216  >  80 Len=500"
"624","0.253660","223.251.186.236","235.127.67.235","UDP","542","45217  >  80 Len=500"
"625","0.254079","223.251.186.236","235.127.67.235","UDP","542","45218  >  80 Len=500"
"626","0.254483","223.251.186.236","235.127.67.235","UDP","542","45219  >  80 Len=500"
"627","0.254903","223.251.186.236","235.127.67.235","UDP","542","45220  >  80 Len=500"
"628","0.255315","223.251.186.236","235.127.67.235","UDP","542","45221  >  80 Len=500"
"629","0.255721","223.251.186.236","235.127.67.235","UDP","542","45222  >  80 Len=500"
"630","0.256126","223.251.186.236","235.127.67.235","UDP","542","45223  >  80 Len=500"
"631","0.256532","223.251.186.236","235.127.67.235","UDP","542","45224  >  80 Len=500"
"632","0.256951","223.251.186.236","235.127.67.235","UDP","542","45225  >  80 Len=500"
"633","0.257355","223.251.186.236","235.127.67.235","UDP","542","45226  >  80 Len=500"
"634","0.257774","223.251.186.236","235.127.67.235","UDP","542","45227  >  80 Len=500"
"635","0.258180","223.251.186.236","235.127.67.235","UDP","542","45228  >  80 Len=500"
"636","0.258584","223.251.186.236","235.127.67.235","UDP","542","45229  >  80 Len=500"
"637","0.258989","223.251.186.236","235.127.67.235","UDP","542","45230  >  80 Len=500"
"638","0.259396","223.251.186.236","235.127.67.235","UDP","542","45231  >  80 Len=500"
"639","0.259812","223.251.186.236","235.127.67.235","UDP","542","45232  >  80 Len=500"
"640","0.260217","223.251.186.236","235.127.67.235","UDP","542","45233  >  80 Len=500"
"641","0.260636","223.251.186.236","235.127.67.235","UDP","542","45234  >  80 Len=500"
"642","0.261041","223.251.186.236","235.127.67.235","UDP","542","45235  >  80 Len=500"
"643","0.261446","223.251.186.236","235.127.67.235","UDP","542","45236  >  80 Len=500"
"644","0.267913","223.251.186.236","235.127.67.235","UDP","542","45237  >  80 Len=500"
"645","0.271929","223.251.186.236","235.127.67.235","UDP","542","45238  >  80 Len=500"
"646","0.272341","223.251.186.236","235.127.67.235","UDP","542","45239  >  80 Len=500"
"647","0.272765","223.251.186.236","235.127.67.235","UDP","542","45240  >  80 Len=500"
"648","0.273168","223.251.186.236","235.127.67.235","UDP","542","45241  >  80 Len=500"
"649","0.273577","223.251.186.236","235.127.67.235","UDP","542","45242  >  80 Len=500"
"650","0.273981","223.251.186.236","235.127.67.235","UDP","542","45243  >  80 Len=500"
"651","0.274382","223.251.186.236","235.127.67.235","UDP","542","45244  >  80 Len=500"
"652","0.274808","223.251.186.236","235.127.67.235","UDP","542","45245  >  80 Len=500"
"653","0.275213","223.251.186.236","235.127.67.235","UDP","542","45246  >  80 Len=500"
"654","0.275628","223.251.186.236","235.127.67.235","UDP","542","45247  >  80 Len=500"
"655","0.276026","223.251.186.236","235.127.67.235","UDP","542","45248  >  80 Len=500"
"656","0.276421","223.251.186.236","235.127.67.235","UDP","542","45249  >  80 Len=500"
"657","0.276817","223.251.186.236","235.127.67.235","UDP","542","45250  >  80 Len=500"
"658","0.277213","223.251.186.236","235.127.67.235","UDP","542","45251  >  80 Len=500"
"659","0.277610","223.251.186.236","235.127.67.235","UDP","542","45252  >  80 Len=500"
"660","0.278006","223.251.186.236","235.127.67.235","UDP","542","45253  >  80 Len=500"
"661","0.278432","223.251.186.236","235.127.67.235","UDP","542","45254  >  80 Len=500"
"662","0.278838","223.251.186.236","235.127.67.235","UDP","542","45255  >  80 Len=500"
"663","0.279237","223.251.186.236","235.127.67.235","UDP","542","45256  >  80 Len=500"
"664","0.279632","223.251.186.236","235.127.67.235","UDP","542","45257  >  80 Len=500"
"665","0.280030","223.251.186.236","235.127.67.235","UDP","542","45258  >  80 Len=500"
"666","0.280426","223.251.186.236","235.127.67.235","UDP","542","45259  >  80 Len=500"
"667","0.280829","223.251.186.236","235.127.67.235","UDP","542","45260  >  80 Len=500"
"668","0.281255","223.251.186.236","235.127.67.235","UDP","542","45261  >  80 Len=500"
"669","0.281651","223.251.186.236","235.127.67.235","UDP","542","45262  >  80 Len=500"
"670","0.282050","223.251.186.236","235.127.67.235","UDP","542","45263  >  80 Len=500"
"671","0.282446","223.251.186.236","235.127.67.235","UDP","542","45264  >  80 Len=500"
"672","0.282850","223.251.186.236","235.127.67.235","UDP","542","45265  >  80 Len=500"
"673","0.283247","223.251.186.236","235.127.67.235","UDP","542","45266  >  80 Len=500"
"674","0.283640","223.251.186.236","235.127.67.235","UDP","542","45267  >  80 Len=500"
"675","0.284047","223.251.186.236","235.127.67.235","UDP","542","45268  >  80 Len=500"
"676","0.284442","223.251.186.236","235.127.67.235","UDP","542","45269  >  80 Len=500"
"677","0.284845","223.251.186.236","235.127.67.235","UDP","542","45270  >  80 Len=500"
"678","0.285241","223.251.186.236","235.127.67.235","UDP","542","45271  >  80 Len=500"
"679","0.285636","223.251.186.236","235.127.67.235","UDP","542","45272  >  80 Len=500"
"680","0.286044","223.251.186.236","235.127.67.235","UDP","542","45273  >  80 Len=500"
"681","0.286457","223.251.186.236","235.127.67.235","UDP","542","45274  >  80 Len=500"
"682","0.286855","223.251.186.236","235.127.67.235","UDP","542","45275  >  80 Len=500"
"683","0.287267","223.251.186.236","235.127.67.235","UDP","542","45276  >  80 Len=500"
"684","0.287661","223.251.186.236","235.127.67.235","UDP","542","45277  >  80 Len=500"
"685","0.288056","223.251.186.236","235.127.67.235","UDP","542","45278  >  80 Len=500"
"686","0.288451","223.251.186.236","235.127.67.235","UDP","542","45279  >  80 Len=500"
"687","0.288846","223.251.186.236","235.127.67.235","UDP","542","45280  >  80 Len=500"
"688","0.289240","223.251.186.236","235.127.67.235","UDP","542","45281  >  80 Len=500"
"689","0.289633","223.251.186.236","235.127.67.235","UDP","542","45282  >  80 Len=500"
"690","0.290041","223.251.186.236","235.127.67.235","UDP","542","45283  >  80 Len=500"
"691","0.290441","223.251.186.236","235.127.67.235","UDP","542","45284  >  80 Len=500"
"692","0.290837","223.251.186.236","235.127.67.235","UDP","542","45285  >  80 Len=500"
"693","0.291238","223.251.186.236","235.127.67.235","UDP","542","45286  >  80 Len=500"
"694","0.291632","223.251.186.236","235.127.67.235","UDP","542","45287  >  80 Len=500"
"695","0.292025","223.251.186.236","235.127.67.235","UDP","542","45288  >  80 Len=500"
"696","0.292419","223.251.186.236","235.127.67.235","UDP","542","45289  >  80 Len=500"
"697","0.292827","223.251.186.236","235.127.67.235","UDP","542","45290  >  80 Len=500"
"698","0.293228","223.251.186.236","235.127.67.235","UDP","542","45291  >  80 Len=500"
"699","0.293624","223.251.186.236","235.127.67.235","UDP","542","45292  >  80 Len=500"
"700","0.294020","223.251.186.236","235.127.67.235","UDP","542","45293  >  80 Len=500"
"701","0.294414","223.251.186.236","235.127.67.235","UDP","542","45294  >  80 Len=500"
"702","0.294827","223.251.186.236","235.127.67.235","UDP","542","45295  >  80 Len=500"
"703","0.295225","223.251.186.236","235.127.67.235","UDP","542","45296  >  80 Len=500"
"704","0.295618","223.251.186.236","235.127.67.235","UDP","542","45297  >  80 Len=500"
"705","0.296025","223.251.186.236","235.127.67.235","UDP","542","45298  >  80 Len=500"
"706","0.296420","223.251.186.236","235.127.67.235","UDP","542","45299  >  80 Len=500"
"707","0.296814","223.251.186.236","235.127.67.235","UDP","542","45300  >  80 Len=500"
"708","0.297210","223.251.186.236","235.127.67.235","UDP","542","45301  >  80 Len=500"
"709","0.297604","223.251.186.236","235.127.67.235","UDP","542","45302  >  80 Len=500"
"710","0.298015","223.251.186.236","235.127.67.235","UDP","542","45303  >  80 Len=500"
"711","0.298414","223.251.186.236","235.127.67.235","UDP","542","45304  >  80 Len=500"
"712","0.298823","223.251.186.236","235.127.67.235","UDP","542","45305  >  80 Len=500"
"713","0.299226","223.251.186.236","235.127.67.235","UDP","542","45306  >  80 Len=500"
"714","0.299621","223.251.186.236","235.127.67.235","UDP","542","45307  >  80 Len=500"
"715","0.300016","223.251.186.236","235.127.67.235","UDP","542","45308  >  80 Len=500"
"716","0.300410","223.251.186.236","235.127.67.235","UDP","542","45309  >  80 Len=500"
"717","0.300804","223.251.186.236","235.127.67.235","UDP","542","45310  >  80 Len=500"
"718","0.301203","223.251.186.236","235.127.67.235","UDP","542","45311  >  80 Len=500"
"719","0.301612","223.251.186.236","235.127.67.235","UDP","542","45312  >  80 Len=500"
"720","0.302011","223.251.186.236","235.127.67.235","UDP","542","45313  >  80 Len=500"
"721","0.302406","223.251.186.236","235.127.67.235","UDP","542","45314  >  80 Len=500"
"722","0.302822","223.251.186.236","235.127.67.235","UDP","542","45315  >  80 Len=500"
"723","0.303219","223.251.186.236","235.127.67.235","UDP","542","45316  >  80 Len=500"
"724","0.303612","223.251.186.236","235.127.67.235","UDP","542","45317  >  80 Len=500"
"725","0.304005","223.251.186.236","235.127.67.235","UDP","542","45318  >  80 Len=500"
"726","0.304400","223.251.186.236","235.127.67.235","UDP","542","45319  >  80 Len=500"
"727","0.304807","223.251.186.236","235.127.67.235","UDP","542","45320  >  80 Len=500"
"728","0.305203","223.251.186.236","235.127.67.235","UDP","542","45321  >  80 Len=500"
"729","0.305596","223.251.186.236","235.127.67.235","UDP","542","45322  >  80 Len=500"
"730","0.305991","223.251.186.236","235.127.67.235","UDP","542","45323  >  80 Len=500"
"731","0.306387","223.251.186.236","235.127.67.235","UDP","542","45324  >  80 Len=500"
"732","0.306801","223.251.186.236","235.127.67.235","UDP","542","45325  >  80 Len=500"
"733","0.307205","223.251.186.236","235.127.67.235","UDP","542","45326  >  80 Len=500"
"734","0.307611","223.251.186.236","235.127.67.235","UDP","542","45327  >  80 Len=500"
"735","0.308005","223.251.186.236","235.127.67.235","UDP","542","45328  >  80 Len=500"
"736","0.308399","223.251.186.236","235.127.67.235","UDP","542","45329  >  80 Len=500"
"737","0.308797","223.251.186.236","235.127.67.235","UDP","542","45330  >  80 Len=500"
"738","0.309194","223.251.186.236","235.127.67.235","UDP","542","45331  >  80 Len=500"
"739","0.309587","223.251.186.236","235.127.67.235","UDP","542","45332  >  80 Len=500"
"740","0.309982","223.251.186.236","235.127.67.235","UDP","542","45333  >  80 Len=500"
"741","0.310392","223.251.186.236","235.127.67.235","UDP","542","45334  >  80 Len=500"
"742","0.310792","223.251.186.236","235.127.67.235","UDP","542","45335  >  80 Len=500"
"743","0.311193","223.251.186.236","235.127.67.235","UDP","542","45336  >  80 Len=500"
"744","0.311588","223.251.186.236","235.127.67.235","UDP","542","45337  >  80 Len=500"
"745","0.311984","223.251.186.236","235.127.67.235","UDP","542","45338  >  80 Len=500"
"746","0.312378","223.251.186.236","235.127.67.235","UDP","542","45339  >  80 Len=500"
"747","0.312771","223.251.186.236","235.127.67.235","UDP","542","45340  >  80 Len=500"
"748","0.313166","223.251.186.236","235.127.67.235","UDP","542","45341  >  80 Len=500"
"749","0.313571","223.251.186.236","235.127.67.235","UDP","542","45342  >  80 Len=500"
"750","0.313967","223.251.186.236","235.127.67.235","UDP","542","45343  >  80 Len=500"
"751","0.314360","223.251.186.236","235.127.67.235","UDP","542","45344  >  80 Len=500"
"752","0.314753","223.251.186.236","235.127.67.235","UDP","542","45345  >  80 Len=500"
"753","0.315149","223.251.186.236","235.127.67.235","UDP","542","45346  >  80 Len=500"
"754","0.315554","223.251.186.236","235.127.67.235","UDP","542","45347  >  80 Len=500"
"755","0.315947","223.251.186.236","235.127.67.235","UDP","542","45348  >  80 Len=500"
"756","0.316357","223.251.186.236","235.127.67.235","UDP","542","45349  >  80 Len=500"
"757","0.316770","223.251.186.236","235.127.67.235","UDP","542","45350  >  80 Len=500"
"758","0.317173","223.251.186.236","235.127.67.235","UDP","542","45351  >  80 Len=500"
"759","0.317580","223.251.186.236","235.127.67.235","UDP","542","45352  >  80 Len=500"
"760","0.317979","223.251.186.236","235.127.67.235","UDP","542","45353  >  80 Len=500"
"761","0.318374","223.251.186.236","235.127.67.235","UDP","542","45354  >  80 Len=500"
"762","0.318768","223.251.186.236","235.127.67.235","UDP","542","45355  >  80 Len=500"
"763","0.319209","223.251.186.236","235.127.67.235","UDP","542","45356  >  80 Len=500"
"764","0.319604","223.251.186.236","235.127.67.235","UDP","542","45357  >  80 Len=500"
"765","0.320006","223.251.186.236","235.127.67.235","UDP","542","45358  >  80 Len=500"
"766","0.320416","223.251.186.236","235.127.67.235","UDP","542","45359  >  80 Len=500"
"767","0.320825","223.251.186.236","235.127.67.235","UDP","542","45360  >  80 Len=500"
"768","0.321228","223.251.186.236","235.127.67.235","UDP","542","45361  >  80 Len=500"
"769","0.321634","223.251.186.236","235.127.67.235","UDP","542","45362  >  80 Len=500"
"770","0.322042","223.251.186.236","235.127.67.235","UDP","542","45363  >  80 Len=500"
"771","0.322464","223.251.186.236","235.127.67.235","UDP","542","45364  >  80 Len=500"
"772","0.322879","223.251.186.236","235.127.67.235","UDP","542","45365  >  80 Len=500"
"773","0.323287","223.251.186.236","235.127.67.235","UDP","542","45366  >  80 Len=500"
"774","0.323683","223.251.186.236","235.127.67.235","UDP","542","45367  >  80 Len=500"
"775","0.324081","223.251.186.236","235.127.67.235","UDP","542","45368  >  80 Len=500"
"776","0.324475","223.251.186.236","235.127.67.235","UDP","542","45369  >  80 Len=500"
"777","0.324868","223.251.186.236","235.127.67.235","UDP","542","45370  >  80 Len=500"
"778","0.325294","223.251.186.236","235.127.67.235","UDP","542","45371  >  80 Len=500"
"779","0.325709","223.251.186.236","235.127.67.235","UDP","542","45372  >  80 Len=500"
"780","0.326114","223.251.186.236","235.127.67.235","UDP","542","45373  >  80 Len=500"
"781","0.326516","223.251.186.236","235.127.67.235","UDP","542","45374  >  80 Len=500"
"782","0.326924","223.251.186.236","235.127.67.235","UDP","542","45375  >  80 Len=500"
"783","0.327331","223.251.186.236","235.127.67.235","UDP","542","45376  >  80 Len=500"
"784","0.327732","223.251.186.236","235.127.67.235","UDP","542","45377  >  80 Len=500"
"785","0.328131","223.251.186.236","235.127.67.235","UDP","542","45378  >  80 Len=500"
"786","0.328557","223.251.186.236","235.127.67.235","UDP","542","45379  >  80 Len=500"
"787","0.328960","223.251.186.236","235.127.67.235","UDP","542","45380  >  80 Len=500"
"788","0.329364","223.251.186.236","235.127.67.235","UDP","542","45381  >  80 Len=500"
"789","0.329765","223.251.186.236","235.127.67.235","UDP","542","45382  >  80 Len=500"
"790","0.330166","223.251.186.236","235.127.67.235","UDP","542","45383  >  80 Len=500"
"791","0.330565","223.251.186.236","235.127.67.235","UDP","542","45384  >  80 Len=500"
"792","0.330967","223.251.186.236","235.127.67.235","UDP","542","45385  >  80 Len=500"
"793","0.331386","223.251.186.236","235.127.67.235","UDP","542","45386  >  80 Len=500"
"794","0.331787","223.251.186.236","235.127.67.235","UDP","542","45387  >  80 Len=500"
"795","0.332186","223.251.186.236","235.127.67.235","UDP","542","45388  >  80 Len=500"
"796","0.332586","223.251.186.236","235.127.67.235","UDP","542","45389  >  80 Len=500"
"797","0.332986","223.251.186.236","235.127.67.235","UDP","542","45390  >  80 Len=500"
"798","0.333385","223.251.186.236","235.127.67.235","UDP","542","45391  >  80 Len=500"
"799","0.333785","223.251.186.236","235.127.67.235","UDP","542","45392  >  80 Len=500"
"800","0.334201","223.251.186.236","235.127.67.235","UDP","542","45393  >  80 Len=500"
"801","0.334600","223.251.186.236","235.127.67.235","UDP","542","45394  >  80 Len=500"
"802","0.335001","223.251.186.236","235.127.67.235","UDP","542","45395  >  80 Len=500"
"803","0.335407","223.251.186.236","235.127.67.235","UDP","542","45396  >  80 Len=500"
"804","0.335807","223.251.186.236","235.127.67.235","UDP","542","45397  >  80 Len=500"
"805","0.336205","223.251.186.236","235.127.67.235","UDP","542","45398  >  80 Len=500"
"806","0.336608","223.251.186.236","235.127.67.235","UDP","542","45399  >  80 Len=500"
"807","0.337011","223.251.186.236","235.127.67.235","UDP","542","45400  >  80 Len=500"
"808","0.337427","223.251.186.236","235.127.67.235","UDP","542","45401  >  80 Len=500"
"809","0.337833","223.251.186.236","235.127.67.235","UDP","542","45402  >  80 Len=500"
"810","0.338234","223.251.186.236","235.127.67.235","UDP","542","45403  >  80 Len=500"
"811","0.338634","223.251.186.236","235.127.67.235","UDP","542","45404  >  80 Len=500"
"812","0.339038","223.251.186.236","235.127.67.235","UDP","542","45405  >  80 Len=500"
"813","0.339454","223.251.186.236","235.127.67.235","UDP","542","45406  >  80 Len=500"
"814","0.339888","223.251.186.236","235.127.67.235","UDP","542","45407  >  80 Len=500"
"815","0.340308","223.251.186.236","235.127.67.235","UDP","542","45408  >  80 Len=500"
"816","0.340722","223.251.186.236","235.127.67.235","UDP","542","45409  >  80 Len=500"
"817","0.341123","223.251.186.236","235.127.67.235","UDP","542","45410  >  80 Len=500"
"818","0.341519","223.251.186.236","235.127.67.235","UDP","542","45411  >  80 Len=500"
"819","0.341922","223.251.186.236","235.127.67.235","UDP","542","45412  >  80 Len=500"
"820","0.342318","223.251.186.236","235.127.67.235","UDP","542","45413  >  80 Len=500"
"821","0.342715","223.251.186.236","235.127.67.235","UDP","542","45414  >  80 Len=500"
"822","0.343126","223.251.186.236","235.127.67.235","UDP","542","45415  >  80 Len=500"
"823","0.343522","223.251.186.236","235.127.67.235","UDP","542","45416  >  80 Len=500"
"824","0.343932","223.251.186.236","235.127.67.235","UDP","542","45417  >  80 Len=500"
"825","0.344331","223.251.186.236","235.127.67.235","UDP","542","45418  >  80 Len=500"
"826","0.344737","223.251.186.236","235.127.67.235","UDP","542","45419  >  80 Len=500"
"827","0.345135","223.251.186.236","235.127.67.235","UDP","542","45420  >  80 Len=500"
"828","0.345530","223.251.186.236","235.127.67.235","UDP","542","45421  >  80 Len=500"
"829","0.345924","223.251.186.236","235.127.67.235","UDP","542","45422  >  80 Len=500"
"830","0.346333","223.251.186.236","235.127.67.235","UDP","542","45423  >  80 Len=500"
"831","0.346726","223.251.186.236","235.127.67.235","UDP","542","45424  >  80 Len=500"
"832","0.347120","223.251.186.236","235.127.67.235","UDP","542","45425  >  80 Len=500"
"833","0.347516","223.251.186.236","235.127.67.235","UDP","542","45426  >  80 Len=500"
"834","0.347910","223.251.186.236","235.127.67.235","UDP","542","45427  >  80 Len=500"
"835","0.348302","223.251.186.236","235.127.67.235","UDP","542","45428  >  80 Len=500"
"836","0.348724","223.251.186.236","235.127.67.235","UDP","542","45429  >  80 Len=500"
"837","0.349168","223.251.186.236","235.127.67.235","UDP","542","45430  >  80 Len=500"
"838","0.349578","223.251.186.236","235.127.67.235","UDP","542","45431  >  80 Len=500"
"839","0.349977","223.251.186.236","235.127.67.235","UDP","542","45432  >  80 Len=500"
"840","0.350371","223.251.186.236","235.127.67.235","UDP","542","45433  >  80 Len=500"
"841","0.350765","223.251.186.236","235.127.67.235","UDP","542","45434  >  80 Len=500"
"842","0.351178","223.251.186.236","235.127.67.235","UDP","542","45435  >  80 Len=500"
"843","0.351572","223.251.186.236","235.127.67.235","UDP","542","45436  >  80 Len=500"
"844","0.351993","223.251.186.236","235.127.67.235","UDP","542","45437  >  80 Len=500"
"845","0.352390","223.251.186.236","235.127.67.235","UDP","542","45438  >  80 Len=500"
"846","0.352785","223.251.186.236","235.127.67.235","UDP","542","45439  >  80 Len=500"
"847","0.353179","223.251.186.236","235.127.67.235","UDP","542","45440  >  80 Len=500"
"848","0.353573","223.251.186.236","235.127.67.235","UDP","542","45441  >  80 Len=500"
"849","0.353967","223.251.186.236","235.127.67.235","UDP","542","45442  >  80 Len=500"
"850","0.354376","223.251.186.236","235.127.67.235","UDP","542","45443  >  80 Len=500"
"851","0.354809","223.251.186.236","235.127.67.235","UDP","542","45444  >  80 Len=500"
"852","0.355229","223.251.186.236","235.127.67.235","UDP","542","45445  >  80 Len=500"
"853","0.355634","223.251.186.236","235.127.67.235","UDP","542","45446  >  80 Len=500"
"854","0.356038","223.251.186.236","235.127.67.235","UDP","542","45447  >  80 Len=500"
"855","0.356441","223.251.186.236","235.127.67.235","UDP","542","45448  >  80 Len=500"
"856","0.356845","223.251.186.236","235.127.67.235","UDP","542","45449  >  80 Len=500"
"857","0.357246","223.251.186.236","235.127.67.235","UDP","542","45450  >  80 Len=500"
"858","0.357646","223.251.186.236","235.127.67.235","UDP","542","45451  >  80 Len=500"
"859","0.358070","223.251.186.236","235.127.67.235","UDP","542","45452  >  80 Len=500"
"860","0.358471","223.251.186.236","235.127.67.235","UDP","542","45453  >  80 Len=500"
"861","0.358882","223.251.186.236","235.127.67.235","UDP","542","45454  >  80 Len=500"
"862","0.359281","223.251.186.236","235.127.67.235","UDP","542","45455  >  80 Len=500"
"863","0.359674","223.251.186.236","235.127.67.235","UDP","542","45456  >  80 Len=500"
"864","0.360068","223.251.186.236","235.127.67.235","UDP","542","45457  >  80 Len=500"
"865","0.360461","223.251.186.236","235.127.67.235","UDP","542","45458  >  80 Len=500"
"866","0.360871","223.251.186.236","235.127.67.235","UDP","542","45459  >  80 Len=500"
"867","0.361265","223.251.186.236","235.127.67.235","UDP","542","45460  >  80 Len=500"
"868","0.361658","223.251.186.236","235.127.67.235","UDP","542","45461  >  80 Len=500"
"869","0.362065","223.251.186.236","235.127.67.235","UDP","542","45462  >  80 Len=500"
"870","0.362464","223.251.186.236","235.127.67.235","UDP","542","45463  >  80 Len=500"
"871","0.362859","223.251.186.236","235.127.67.235","UDP","542","45464  >  80 Len=500"
"872","0.363254","223.251.186.236","235.127.67.235","UDP","542","45465  >  80 Len=500"
"873","0.363646","223.251.186.236","235.127.67.235","UDP","542","45466  >  80 Len=500"
"874","0.364052","223.251.186.236","235.127.67.235","UDP","542","45467  >  80 Len=500"
"875","0.364447","223.251.186.236","235.127.67.235","UDP","542","45468  >  80 Len=500"
"876","0.364840","223.251.186.236","235.127.67.235","UDP","542","45469  >  80 Len=500"
"877","0.365234","223.251.186.236","235.127.67.235","UDP","542","45470  >  80 Len=500"
"878","0.365632","223.251.186.236","235.127.67.235","UDP","542","45471  >  80 Len=500"
"879","0.366027","223.251.186.236","235.127.67.235","UDP","542","45472  >  80 Len=500"
"880","0.366421","223.251.186.236","235.127.67.235","UDP","542","45473  >  80 Len=500"
"881","0.366830","223.251.186.236","235.127.67.235","UDP","542","45474  >  80 Len=500"
"882","0.367225","223.251.186.236","235.127.67.235","UDP","542","45475  >  80 Len=500"
"883","0.367618","223.251.186.236","235.127.67.235","UDP","542","45476  >  80 Len=500"
"884","0.368011","223.251.186.236","235.127.67.235","UDP","542","45477  >  80 Len=500"
"885","0.368404","223.251.186.236","235.127.67.235","UDP","542","45478  >  80 Len=500"
"886","0.368799","223.251.186.236","235.127.67.235","UDP","542","45479  >  80 Len=500"
"887","0.369193","223.251.186.236","235.127.67.235","UDP","542","45480  >  80 Len=500"
"888","0.369600","223.251.186.236","235.127.67.235","UDP","542","45481  >  80 Len=500"
"889","0.369995","223.251.186.236","235.127.67.235","UDP","542","45482  >  80 Len=500"
"890","0.370389","223.251.186.236","235.127.67.235","UDP","542","45483  >  80 Len=500"
"891","0.370815","223.251.186.236","235.127.67.235","UDP","542","45484  >  80 Len=500"
"892","0.371211","223.251.186.236","235.127.67.235","UDP","542","45485  >  80 Len=500"
"893","0.371607","223.251.186.236","235.127.67.235","UDP","542","45486  >  80 Len=500"
"894","0.372002","223.251.186.236","235.127.67.235","UDP","542","45487  >  80 Len=500"
"895","0.372401","223.251.186.236","235.127.67.235","UDP","542","45488  >  80 Len=500"
"896","0.372811","223.251.186.236","235.127.67.235","UDP","542","45489  >  80 Len=500"
"897","0.373205","223.251.186.236","235.127.67.235","UDP","542","45490  >  80 Len=500"
"898","0.373599","223.251.186.236","235.127.67.235","UDP","542","45491  >  80 Len=500"
"899","0.373993","223.251.186.236","235.127.67.235","UDP","542","45492  >  80 Len=500"
"900","0.374387","223.251.186.236","235.127.67.235","UDP","542","45493  >  80 Len=500"
"901","0.374799","223.251.186.236","235.127.67.235","UDP","542","45494  >  80 Len=500"
"902","0.375196","223.251.186.236","235.127.67.235","UDP","542","45495  >  80 Len=500"
"903","0.375603","223.251.186.236","235.127.67.235","UDP","542","45496  >  80 Len=500"
"904","0.375999","223.251.186.236","235.127.67.235","UDP","542","45497  >  80 Len=500"
"905","0.376392","223.251.186.236","235.127.67.235","UDP","542","45498  >  80 Len=500"
"906","0.376792","223.251.186.236","235.127.67.235","UDP","542","45499  >  80 Len=500"
"907","0.377207","223.251.186.236","235.127.67.235","UDP","542","45500  >  80 Len=500"
"908","0.377623","223.251.186.236","235.127.67.235","UDP","542","45501  >  80 Len=500"
"909","0.378046","223.251.186.236","235.127.67.235","UDP","542","45502  >  80 Len=500"
"910","0.378482","223.251.186.236","235.127.67.235","UDP","542","45503  >  80 Len=500"
"911","0.378928","223.251.186.236","235.127.67.235","UDP","542","45504  >  80 Len=500"
"912","0.379351","223.251.186.236","235.127.67.235","UDP","542","45505  >  80 Len=500"
"913","0.379770","223.251.186.236","235.127.67.235","UDP","542","45506  >  80 Len=500"
"914","0.380187","223.251.186.236","235.127.67.235","UDP","542","45507  >  80 Len=500"
"915","0.380606","223.251.186.236","235.127.67.235","UDP","542","45508  >  80 Len=500"
"916","0.381024","223.251.186.236","235.127.67.235","UDP","542","45509  >  80 Len=500"
"917","0.381442","223.251.186.236","235.127.67.235","UDP","542","45510  >  80 Len=500"
"918","0.381879","223.251.186.236","235.127.67.235","UDP","542","45511  >  80 Len=500"
"919","0.382297","223.251.186.236","235.127.67.235","UDP","542","45512  >  80 Len=500"
"920","0.382713","223.251.186.236","235.127.67.235","UDP","542","45513  >  80 Len=500"
"921","0.383132","223.251.186.236","235.127.67.235","UDP","542","45514  >  80 Len=500"
"922","0.383548","223.251.186.236","235.127.67.235","UDP","542","45515  >  80 Len=500"
"923","0.383966","223.251.186.236","235.127.67.235","UDP","542","45516  >  80 Len=500"
"924","0.384385","223.251.186.236","235.127.67.235","UDP","542","45517  >  80 Len=500"
"925","0.384820","223.251.186.236","235.127.67.235","UDP","542","45518  >  80 Len=500"
"926","0.385242","223.251.186.236","235.127.67.235","UDP","542","45519  >  80 Len=500"
"927","0.385662","223.251.186.236","235.127.67.235","UDP","542","45520  >  80 Len=500"
"928","0.386081","223.251.186.236","235.127.67.235","UDP","542","45521  >  80 Len=500"
"929","0.386502","223.251.186.236","235.127.67.235","UDP","542","45522  >  80 Len=500"
"930","0.386919","223.251.186.236","235.127.67.235","UDP","542","45523  >  80 Len=500"
"931","0.387340","223.251.186.236","235.127.67.235","UDP","542","45524  >  80 Len=500"
"932","0.387772","223.251.186.236","235.127.67.235","UDP","542","45525  >  80 Len=500"
"933","0.388193","223.251.186.236","235.127.67.235","UDP","542","45526  >  80 Len=500"
"934","0.388614","223.251.186.236","235.127.67.235","UDP","542","45527  >  80 Len=500"
"935","0.389032","223.251.186.236","235.127.67.235","UDP","542","45528  >  80 Len=500"
"936","0.389453","223.251.186.236","235.127.67.235","UDP","542","45529  >  80 Len=500"
"937","0.389876","223.251.186.236","235.127.67.235","UDP","542","45530  >  80 Len=500"
"938","0.390297","223.251.186.236","235.127.67.235","UDP","542","45531  >  80 Len=500"
"939","0.390712","223.251.186.236","235.127.67.235","UDP","542","45532  >  80 Len=500"
"940","0.391151","223.251.186.236","235.127.67.235","UDP","542","45533  >  80 Len=500"
"941","0.391571","223.251.186.236","235.127.67.235","UDP","542","45534  >  80 Len=500"
"942","0.391987","223.251.186.236","235.127.67.235","UDP","542","45535  >  80 Len=500"
"943","0.392405","223.251.186.236","235.127.67.235","UDP","542","45536  >  80 Len=500"
"944","0.392823","223.251.186.236","235.127.67.235","UDP","542","45537  >  80 Len=500"
"945","0.393240","223.251.186.236","235.127.67.235","UDP","542","45538  >  80 Len=500"
"946","0.393659","223.251.186.236","235.127.67.235","UDP","542","45539  >  80 Len=500"
"947","0.394100","223.251.186.236","235.127.67.235","UDP","542","45540  >  80 Len=500"
"948","0.394523","223.251.186.236","235.127.67.235","UDP","542","45541  >  80 Len=500"
"949","0.394934","223.251.186.236","235.127.67.235","UDP","542","45542  >  80 Len=500"
"950","0.395339","223.251.186.236","235.127.67.235","UDP","542","45543  >  80 Len=500"
"951","0.395748","223.251.186.236","235.127.67.235","UDP","542","45544  >  80 Len=500"
"952","0.396148","223.251.186.236","235.127.67.235","UDP","542","45545  >  80 Len=500"
"953","0.396548","223.251.186.236","235.127.67.235","UDP","542","45546  >  80 Len=500"
"954","0.396969","223.251.186.236","235.127.67.235","UDP","542","45547  >  80 Len=500"
"955","0.397372","223.251.186.236","235.127.67.235","UDP","542","45548  >  80 Len=500"
"956","0.398003","223.251.186.236","235.127.67.235","UDP","542","45549  >  80 Len=500"
"957","0.398415","223.251.186.236","235.127.67.235","UDP","542","45550  >  80 Len=500"
"958","0.398849","223.251.186.236","235.127.67.235","UDP","542","45551  >  80 Len=500"
"959","0.399280","223.251.186.236","235.127.67.235","UDP","542","45552  >  80 Len=500"
"960","0.399690","223.251.186.236","235.127.67.235","UDP","542","45553  >  80 Len=500"
"961","0.400101","223.251.186.236","235.127.67.235","UDP","542","45554  >  80 Len=500"
"962","0.400527","223.251.186.236","235.127.67.235","UDP","542","45555  >  80 Len=500"
"963","0.400932","223.251.186.236","235.127.67.235","UDP","542","45556  >  80 Len=500"
"964","0.401338","223.251.186.236","235.127.67.235","UDP","542","45557  >  80 Len=500"
"965","0.401749","223.251.186.236","235.127.67.235","UDP","542","45558  >  80 Len=500"
"966","0.402155","223.251.186.236","235.127.67.235","UDP","542","45559  >  80 Len=500"
"967","0.402559","223.251.186.236","235.127.67.235","UDP","542","45560  >  80 Len=500"
"968","0.402966","223.251.186.236","235.127.67.235","UDP","542","45561  >  80 Len=500"
"969","0.403387","223.251.186.236","235.127.67.235","UDP","542","45562  >  80 Len=500"
"970","0.403790","223.251.186.236","235.127.67.235","UDP","542","45563  >  80 Len=500"
"971","0.404190","223.251.186.236","235.127.67.235","UDP","542","45564  >  80 Len=500"
"972","0.404591","223.251.186.236","235.127.67.235","UDP","542","45565  >  80 Len=500"
"973","0.404995","223.251.186.236","235.127.67.235","UDP","542","45566  >  80 Len=500"
"974","0.405402","223.251.186.236","235.127.67.235","UDP","542","45567  >  80 Len=500"
"975","0.405809","223.251.186.236","235.127.67.235","UDP","542","45568  >  80 Len=500"
"976","0.406247","223.251.186.236","235.127.67.235","UDP","542","45569  >  80 Len=500"
"977","0.406671","223.251.186.236","235.127.67.235","UDP","542","45570  >  80 Len=500"
"978","0.407078","223.251.186.236","235.127.67.235","UDP","542","45571  >  80 Len=500"
"979","0.407471","223.251.186.236","235.127.67.235","UDP","542","45572  >  80 Len=500"
"980","0.407873","223.251.186.236","235.127.67.235","UDP","542","45573  >  80 Len=500"
"981","0.408265","223.251.186.236","235.127.67.235","UDP","542","45574  >  80 Len=500"
"982","0.408655","223.251.186.236","235.127.67.235","UDP","542","45575  >  80 Len=500"
"983","0.409050","223.251.186.236","235.127.67.235","UDP","542","45576  >  80 Len=500"
"984","0.409457","223.251.186.236","235.127.67.235","UDP","542","45577  >  80 Len=500"
"985","0.409852","223.251.186.236","235.127.67.235","UDP","542","45578  >  80 Len=500"
"986","0.410243","223.251.186.236","235.127.67.235","UDP","542","45579  >  80 Len=500"
"987","0.410631","223.251.186.236","235.127.67.235","UDP","542","45580  >  80 Len=500"
"988","0.411027","223.251.186.236","235.127.67.235","UDP","542","45581  >  80 Len=500"
"989","0.411430","223.251.186.236","235.127.67.235","UDP","542","45582  >  80 Len=500"
"990","0.411828","223.251.186.236","235.127.67.235","UDP","542","45583  >  80 Len=500"
"991","0.412239","223.251.186.236","235.127.67.235","UDP","542","45584  >  80 Len=500"
"992","0.412640","223.251.186.236","235.127.67.235","UDP","542","45585  >  80 Len=500"
"993","0.413040","223.251.186.236","235.127.67.235","UDP","542","45586  >  80 Len=500"
"994","0.413438","223.251.186.236","235.127.67.235","UDP","542","45587  >  80 Len=500"
"995","0.413837","223.251.186.236","235.127.67.235","UDP","542","45588  >  80 Len=500"
"996","0.414233","223.251.186.236","235.127.67.235","UDP","542","45589  >  80 Len=500"
"997","0.414627","223.251.186.236","235.127.67.235","UDP","542","45590  >  80 Len=500"
"998","0.415042","223.251.186.236","235.127.67.235","UDP","542","45591  >  80 Len=500"
"999","0.415439","223.251.186.236","235.127.67.235","UDP","542","45592  >  80 Len=500"
